id,puntuacion
1,7.0
2,9.0
3,7.0
4,8.0
5,7.0
6,8.0
7,7.0
8,7.0
9,7.0
10,6.0
11,8.0
12,7.0
13,6.0
14,8.0
15,7.0
16,8.0
17,8.0
18,8.0
19,7.0
20,6.0
21,7.0
22,6.0
23,8.0
24,7.0
25,6.0
26,8.0
27,7.0
28,7.0
29,7.0
30,8.0
31,7.0
32,7.0
33,7.0
34,8.0
35,8.0
36,7.0
37,7.0
38,7.0
39,7.0
40,8.0
41,7.0
42,7.0
43,7.0
44,7.0
45,7.0
46,8.0
47,8.0
48,8.0
49,7.0
50,7.0
51,8.0
52,6.0
53,8.0
54,7.0
55,7.0
56,8.0
57,7.0
58,8.0
59,8.0
60,7.0
61,8.0
62,8.0
63,7.0
64,7.0
65,7.0
66,8.0
67,8.0
68,7.0
69,7.0
70,8.0
71,7.0
72,8.0
73,8.0
74,7.0
75,8.0
76,6.0
77,8.0
78,8.0
79,7.0
80,7.0
81,8.0
82,7.0
83,7.0
84,8.0
85,7.0
86,7.0
87,8.0
88,8.0
89,6.0
90,8.0
91,7.0
92,8.0
93,7.0
94,8.0
95,6.0
96,8.0
97,6.0
98,6.0
99,7.0
100,7.0
101,6.0
102,8.0
103,7.0
104,8.0
105,7.0
106,7.0
107,7.0
108,9.0
109,7.0
110,8.0
111,7.0
112,8.0
113,8.0
114,6.0
115,7.0
116,6.0
117,8.0
118,8.0
119,8.0
120,7.0
121,7.0
122,8.0
123,8.0
124,7.0
125,7.0
126,9.0
127,7.0
128,7.0
129,6.0
130,8.0
131,8.0
132,7.0
133,6.0
134,8.0
135,7.0
136,8.0
137,7.0
138,7.0
139,6.0
140,7.0
141,7.0
142,7.0
143,7.0
144,8.0
145,7.0
146,8.0
147,7.0
148,8.0
149,7.0
150,8.0
151,8.0
152,8.0
153,7.0
154,7.0
155,8.0
156,8.0
157,7.0
158,7.0
159,6.0
160,8.0
161,8.0
162,7.0
163,6.0
164,8.0
165,7.0
166,7.0
167,8.0
168,7.0
169,8.0
170,7.0
171,7.0
172,6.0
173,6.0
174,7.0
175,8.0
176,7.0
177,7.0
178,8.0
179,8.0
180,7.0
181,7.0
182,7.0
183,7.0
184,8.0
185,7.0
186,6.0
187,6.0
188,7.0
189,8.0
190,6.0
191,7.0
192,5.0
193,7.0
194,8.0
195,8.0
196,8.0
197,6.0
198,8.0
199,6.0
200,7.0
201,7.0
202,7.0
203,7.0
204,7.0
205,7.0
206,7.0
207,7.0
208,8.0
209,7.0
210,7.0
211,8.0
212,7.0
213,7.0
214,7.0
215,7.0
216,7.0
217,8.0
218,8.0
219,5.0
220,7.0
221,8.0
222,7.0
223,9.0
224,7.0
225,7.0
226,7.0
227,7.0
228,8.0
229,8.0
230,7.0
231,8.0
232,6.0
233,6.0
234,7.0
235,6.0
236,6.0
237,7.0
238,7.0
239,7.0
240,7.0
241,8.0
242,8.0
243,6.0
244,8.0
245,6.0
246,7.0
247,8.0
248,7.0
249,7.0
250,7.0
251,8.0
252,6.0
253,8.0
254,8.0
255,8.0
256,6.0
257,8.0
258,7.0
259,7.0
260,7.0
261,6.0
262,6.0
263,7.0
264,7.0
265,7.0
266,7.0
267,8.0
268,7.0
269,7.0
270,6.0
271,6.0
272,7.0
273,7.0
274,7.0
275,7.0
276,7.0
277,7.0
278,7.0
279,6.0
280,6.0
281,8.0
282,7.0
283,7.0
284,7.0
285,8.0
286,6.0
287,6.0
288,7.0
289,8.0
290,8.0
291,7.0
292,7.0
293,7.0
294,7.0
295,7.0
296,6.0
297,7.0
298,7.0
299,7.0
300,9.0
301,7.0
302,8.0
303,8.0
304,8.0
305,6.0
306,7.0
307,8.0
308,7.0
309,7.0
310,6.0
311,8.0
312,8.0
313,6.0
314,8.0
315,8.0
316,7.0
317,8.0
318,8.0
319,7.0
320,7.0
321,7.0
322,7.0
323,7.0
324,7.0
325,7.0
326,7.0
327,7.0
328,7.0
329,8.0
330,8.0
331,8.0
332,6.0
333,7.0
334,7.0
335,8.0
336,7.0
337,7.0
338,7.0
339,8.0
340,7.0
341,8.0
342,7.0
343,7.0
344,7.0
345,7.0
346,8.0
347,7.0
348,7.0
349,8.0
350,6.0
351,7.0
352,8.0
353,6.0
354,7.0
355,8.0
356,6.0
357,6.0
358,7.0
359,8.0
360,8.0
361,6.0
362,7.0
363,7.0
364,8.0
365,6.0
366,8.0
367,7.0
368,8.0
369,8.0
370,7.0
371,6.0
372,6.0
373,6.0
374,8.0
375,7.0
376,8.0
377,5.0
378,8.0
379,8.0
380,7.0
381,7.0
382,8.0
383,9.0
384,8.0
385,7.0
386,8.0
387,7.0
388,7.0
389,7.0
390,7.0
391,8.0
392,7.0
393,8.0
394,5.0
395,8.0
396,7.0
397,6.0
398,6.0
399,7.0
400,6.0
401,8.0
402,7.0
403,7.0
404,7.0
405,7.0
406,7.0
407,8.0
408,8.0
409,7.0
410,8.0
411,6.0
412,8.0
413,7.0
414,8.0
415,6.0
416,7.0
417,8.0
418,6.0
419,7.0
420,7.0
421,7.0
422,7.0
423,6.0
424,6.0
425,7.0
426,6.0
427,8.0
428,7.0
429,7.0
430,8.0
431,6.0
432,8.0
433,7.0
434,7.0
435,7.0
436,8.0
437,8.0
438,7.0
439,7.0
440,7.0
441,8.0
442,7.0
443,7.0
444,8.0
445,7.0
446,6.0
447,7.0
448,7.0
449,7.0
450,8.0
451,8.0
452,8.0
453,6.0
454,7.0
455,7.0
456,8.0
457,7.0
458,8.0
459,7.0
460,8.0
461,7.0
462,8.0
463,8.0
464,7.0
465,6.0
466,6.0
467,7.0
468,8.0
469,8.0
470,8.0
471,6.0
472,7.0
473,7.0
474,7.0
475,7.0
476,7.0
477,7.0
478,7.0
479,8.0
480,6.0
481,7.0
482,7.0
483,8.0
484,7.0
485,8.0
486,7.0
487,7.0
488,8.0
489,6.0
490,8.0
491,5.0
492,8.0
493,7.0
494,8.0
495,7.0
496,7.0
497,8.0
498,8.0
499,7.0
500,8.0
501,8.0
502,6.0
503,6.0
504,7.0
505,7.0
506,7.0
507,7.0
508,7.0
509,7.0
510,7.0
511,8.0
512,8.0
513,6.0
514,8.0
515,7.0
516,8.0
517,7.0
518,7.0
519,7.0
520,8.0
521,7.0
522,7.0
523,7.0
524,8.0
525,7.0
526,7.0
527,7.0
528,7.0
529,9.0
530,7.0
531,6.0
532,8.0
533,8.0
534,6.0
535,8.0
536,6.0
537,7.0
538,7.0
539,8.0
540,6.0
541,6.0
542,8.0
543,8.0
544,8.0
545,8.0
546,9.0
547,8.0
548,6.0
549,8.0
550,7.0
551,7.0
552,8.0
553,7.0
554,7.0
555,7.0
556,8.0
557,5.0
558,7.0
559,7.0
560,7.0
561,7.0
562,7.0
563,7.0
564,7.0
565,7.0
566,6.0
567,8.0
568,8.0
569,7.0
570,7.0
571,7.0
572,7.0
573,7.0
574,6.0
575,7.0
576,8.0
577,6.0
578,8.0
579,6.0
580,8.0
581,8.0
582,8.0
583,6.0
584,7.0
585,7.0
586,8.0
587,8.0
588,6.0
589,6.0
590,7.0
591,6.0
592,8.0
593,8.0
594,7.0
595,7.0
596,7.0
597,7.0
598,8.0
599,7.0
600,7.0
601,7.0
602,7.0
603,7.0
604,8.0
605,7.0
606,7.0
607,7.0
608,7.0
609,8.0
610,8.0
611,7.0
612,6.0
613,8.0
614,7.0
615,7.0
616,7.0
617,6.0
618,6.0
619,7.0
620,8.0
621,6.0
622,8.0
623,8.0
624,6.0
625,7.0
626,7.0
627,8.0
628,7.0
629,8.0
630,7.0
631,6.0
632,8.0
633,8.0
634,8.0
635,7.0
636,7.0
637,7.0
638,7.0
639,8.0
640,8.0
641,6.0
642,7.0
643,8.0
644,6.0
645,7.0
646,6.0
647,8.0
648,7.0
649,7.0
650,7.0
651,8.0
652,6.0
653,7.0
654,7.0
655,7.0
656,8.0
657,7.0
658,8.0
659,8.0
660,7.0
661,7.0
662,7.0
663,7.0
664,8.0
665,7.0
666,7.0
667,6.0
668,6.0
669,7.0
670,8.0
671,8.0
672,7.0
673,7.0
674,8.0
675,6.0
676,7.0
677,7.0
678,7.0
679,8.0
680,7.0
681,6.0
682,6.0
683,6.0
684,8.0
685,7.0
686,5.0
687,8.0
688,7.0
689,8.0
690,9.0
691,7.0
692,8.0
693,7.0
694,7.0
695,7.0
696,7.0
697,7.0
698,7.0
699,6.0
700,7.0
701,7.0
702,8.0
703,8.0
704,8.0
705,7.0
706,7.0
707,7.0
708,8.0
709,7.0
710,6.0
711,8.0
712,8.0
713,7.0
714,7.0
715,7.0
716,8.0
717,8.0
718,8.0
719,8.0
720,7.0
721,7.0
722,6.0
723,8.0
724,7.0
725,7.0
726,7.0
727,7.0
728,7.0
729,7.0
730,8.0
731,7.0
732,7.0
733,7.0
734,6.0
735,7.0
736,9.0
737,7.0
738,7.0
739,6.0
740,8.0
741,7.0
742,6.0
743,8.0
744,8.0
745,7.0
746,8.0
747,8.0
748,8.0
749,7.0
750,8.0
751,7.0
752,6.0
753,8.0
754,8.0
755,8.0
756,7.0
757,8.0
758,7.0
759,8.0
760,6.0
761,8.0
762,7.0
763,8.0
764,6.0
765,7.0
766,6.0
767,7.0
768,8.0
769,7.0
770,8.0
771,8.0
772,7.0
773,7.0
774,8.0
775,6.0
776,6.0
777,8.0
778,7.0
779,7.0
780,7.0
781,8.0
782,7.0
783,6.0
784,7.0
785,7.0
786,7.0
787,7.0
788,7.0
789,8.0
790,7.0
791,7.0
792,8.0
793,7.0
794,8.0
795,6.0
796,8.0
797,7.0
798,8.0
799,7.0
800,8.0
801,7.0
802,8.0
803,7.0
804,7.0
805,9.0
806,7.0
807,7.0
808,8.0
809,7.0
810,7.0
811,8.0
812,7.0
813,8.0
814,8.0
815,7.0
816,8.0
817,7.0
818,7.0
819,6.0
820,6.0
821,7.0
822,7.0
823,7.0
824,7.0
825,7.0
826,6.0
827,6.0
828,8.0
829,7.0
830,8.0
831,7.0
832,7.0
833,8.0
834,7.0
835,7.0
836,8.0
837,6.0
838,7.0
839,7.0
840,7.0
841,7.0
842,6.0
843,7.0
844,7.0
845,7.0
846,8.0
847,7.0
848,8.0
849,7.0
850,7.0
851,7.0
852,6.0
853,8.0
854,6.0
855,7.0
856,7.0
857,8.0
858,8.0
859,8.0
860,6.0
861,7.0
862,7.0
863,8.0
864,7.0
865,7.0
866,7.0
867,7.0
868,7.0
869,7.0
870,7.0
871,6.0
872,7.0
873,6.0
874,7.0
875,7.0
876,7.0
877,7.0
878,7.0
879,7.0
880,6.0
881,7.0
882,7.0
883,7.0
884,6.0
885,8.0
886,7.0
887,8.0
888,8.0
889,7.0
890,8.0
891,7.0
892,7.0
893,7.0
894,8.0
895,8.0
896,7.0
897,7.0
898,6.0
899,7.0
900,8.0
901,7.0
902,7.0
903,7.0
904,7.0
905,9.0
906,7.0
907,7.0
908,8.0
909,8.0
910,6.0
911,8.0
912,7.0
913,7.0
914,8.0
915,7.0
916,8.0
917,7.0
918,6.0
919,6.0
920,9.0
921,7.0
922,8.0
923,7.0
924,8.0
925,7.0
926,7.0
927,7.0
928,8.0
929,9.0
930,8.0
931,8.0
932,8.0
933,8.0
934,8.0
935,8.0
936,7.0
937,8.0
938,8.0
939,6.0
940,6.0
941,7.0
942,7.0
943,7.0
944,7.0
945,7.0
946,7.0
947,8.0
948,8.0
949,7.0
950,7.0
951,8.0
952,8.0
953,6.0
954,8.0
955,7.0
956,7.0
957,7.0
958,7.0
959,7.0
960,8.0
961,7.0
962,7.0
963,8.0
964,7.0
965,7.0
966,8.0
967,6.0
968,8.0
969,7.0
970,7.0
971,8.0
972,7.0
973,8.0
974,9.0
975,6.0
976,8.0
977,8.0
978,8.0
979,8.0
980,7.0
981,7.0
982,7.0
983,8.0
984,8.0
985,8.0
986,7.0
987,8.0
988,8.0
989,6.0
990,7.0
991,6.0
992,7.0
993,8.0
994,6.0
995,8.0
996,6.0
997,8.0
998,7.0
999,7.0
1000,8.0
1001,7.0
1002,8.0
1003,7.0
1004,8.0
1005,7.0
1006,7.0
1007,7.0
1008,8.0
1009,7.0
1010,8.0
1011,7.0
1012,7.0
1013,7.0
1014,8.0
1015,6.0
1016,7.0
1017,7.0
1018,7.0
1019,7.0
1020,8.0
1021,7.0
1022,6.0
1023,7.0
1024,6.0
1025,7.0
1026,7.0
1027,8.0
1028,6.0
1029,8.0
1030,7.0
1031,8.0
1032,8.0
1033,7.0
1034,7.0
1035,7.0
1036,6.0
1037,8.0
1038,8.0
1039,8.0
1040,6.0
1041,7.0
1042,6.0
1043,7.0
1044,7.0
1045,6.0
1046,7.0
1047,7.0
1048,7.0
1049,8.0
1050,6.0
1051,8.0
1052,7.0
1053,6.0
1054,7.0
1055,8.0
1056,8.0
1057,6.0
1058,8.0
1059,6.0
1060,7.0
1061,7.0
1062,7.0
1063,7.0
1064,7.0
1065,8.0
1066,7.0
1067,7.0
1068,7.0
1069,7.0
1070,7.0
1071,6.0
1072,7.0
1073,7.0
1074,7.0
1075,8.0
1076,6.0
1077,7.0
1078,7.0
1079,7.0
1080,7.0
1081,8.0
1082,8.0
1083,8.0
1084,7.0
1085,6.0
1086,6.0
1087,7.0
1088,7.0
1089,7.0
1090,7.0
1091,6.0
1092,7.0
1093,8.0
1094,8.0
1095,7.0
1096,6.0
1097,8.0
1098,8.0
1099,8.0
1100,7.0
1101,9.0
1102,7.0
1103,7.0
1104,8.0
1105,6.0
1106,6.0
1107,7.0
1108,7.0
1109,8.0
1110,8.0
1111,7.0
1112,7.0
1113,7.0
1114,8.0
1115,8.0
1116,7.0
1117,6.0
1118,7.0
1119,6.0
1120,8.0
1121,7.0
1122,7.0
1123,8.0
1124,8.0
1125,7.0
1126,8.0
1127,8.0
1128,7.0
1129,7.0
1130,7.0
1131,7.0
1132,8.0
1133,6.0
1134,8.0
1135,8.0
1136,8.0
1137,8.0
1138,8.0
1139,7.0
1140,8.0
1141,7.0
1142,6.0
1143,7.0
1144,7.0
1145,6.0
1146,7.0
1147,8.0
1148,7.0
1149,7.0
1150,6.0
1151,8.0
1152,8.0
1153,8.0
1154,7.0
1155,7.0
1156,7.0
1157,7.0
1158,8.0
1159,8.0
1160,7.0
1161,8.0
1162,8.0
1163,7.0
1164,8.0
1165,7.0
1166,6.0
1167,7.0
1168,8.0
1169,7.0
1170,8.0
1171,8.0
1172,8.0
1173,7.0
1174,7.0
1175,8.0
1176,8.0
1177,7.0
1178,8.0
1179,8.0
1180,8.0
1181,6.0
1182,8.0
1183,6.0
1184,7.0
1185,7.0
1186,8.0
1187,7.0
1188,6.0
1189,7.0
1190,6.0
1191,8.0
1192,8.0
1193,7.0
1194,7.0
1195,6.0
1196,8.0
1197,7.0
1198,8.0
1199,7.0
1200,8.0
1201,8.0
1202,7.0
1203,6.0
1204,8.0
1205,7.0
1206,6.0
1207,8.0
1208,7.0
1209,8.0
1210,7.0
1211,6.0
1212,7.0
1213,7.0
1214,7.0
1215,8.0
1216,7.0
1217,8.0
1218,7.0
1219,8.0
1220,8.0
1221,7.0
1222,7.0
1223,7.0
1224,8.0
1225,6.0
1226,6.0
1227,8.0
1228,7.0
1229,8.0
1230,8.0
1231,8.0
1232,7.0
1233,7.0
1234,8.0
1235,7.0
1236,7.0
1237,8.0
1238,7.0
1239,8.0
1240,7.0
1241,7.0
1242,8.0
1243,8.0
1244,6.0
1245,7.0
1246,7.0
1247,8.0
1248,8.0
1249,7.0
1250,7.0
1251,7.0
1252,7.0
1253,8.0
1254,6.0
1255,6.0
1256,7.0
1257,7.0
1258,8.0
1259,8.0
1260,8.0
1261,7.0
1262,8.0
1263,7.0
1264,8.0
1265,7.0
1266,8.0
1267,7.0
1268,7.0
1269,8.0
1270,7.0
1271,6.0
1272,7.0
1273,7.0
1274,6.0
1275,8.0
1276,8.0
1277,8.0
1278,7.0
1279,7.0
1280,7.0
1281,7.0
1282,6.0
1283,8.0
1284,7.0
1285,7.0
1286,7.0
1287,7.0
1288,6.0
1289,7.0
1290,7.0
1291,6.0
1292,7.0
1293,6.0
1294,8.0
1295,7.0
1296,6.0
1297,8.0
1298,7.0
1299,6.0
1300,7.0
1301,7.0
1302,6.0
1303,7.0
1304,7.0
1305,6.0
1306,8.0
1307,8.0
1308,7.0
1309,6.0
1310,7.0
1311,8.0
1312,8.0
1313,7.0
1314,8.0
1315,7.0
1316,7.0
1317,6.0
1318,7.0
1319,7.0
1320,7.0
1321,8.0
1322,8.0
1323,7.0
1324,6.0
1325,8.0
1326,7.0
1327,8.0
1328,8.0
1329,7.0
1330,7.0
1331,7.0
1332,7.0
1333,8.0
1334,8.0
1335,7.0
1336,6.0
1337,9.0
1338,7.0
1339,7.0
1340,7.0
1341,7.0
1342,6.0
1343,8.0
1344,7.0
1345,7.0
1346,8.0
1347,8.0
1348,7.0
1349,7.0
1350,8.0
1351,6.0
1352,7.0
1353,7.0
1354,7.0
1355,8.0
1356,8.0
1357,7.0
1358,7.0
1359,6.0
1360,7.0
1361,7.0
1362,8.0
1363,7.0
1364,6.0
1365,8.0
1366,6.0
1367,8.0
1368,8.0
1369,9.0
1370,8.0
1371,7.0
1372,6.0
1373,7.0
1374,7.0
1375,8.0
1376,7.0
1377,7.0
1378,6.0
1379,6.0
1380,7.0
1381,8.0
1382,7.0
1383,7.0
1384,7.0
1385,7.0
1386,7.0
1387,7.0
1388,6.0
1389,7.0
1390,7.0
1391,8.0
1392,8.0
1393,8.0
1394,7.0
1395,8.0
1396,7.0
1397,7.0
1398,8.0
1399,7.0
1400,7.0
1401,8.0
1402,7.0
1403,8.0
1404,7.0
1405,6.0
1406,8.0
1407,8.0
1408,8.0
1409,7.0
1410,7.0
1411,7.0
1412,8.0
1413,7.0
1414,7.0
1415,8.0
1416,7.0
1417,7.0
1418,8.0
1419,9.0
1420,7.0
1421,7.0
1422,7.0
1423,8.0
1424,7.0
1425,8.0
1426,6.0
1427,7.0
1428,7.0
1429,8.0
1430,8.0
1431,7.0
1432,7.0
1433,7.0
1434,7.0
1435,8.0
1436,8.0
1437,6.0
1438,6.0
1439,7.0
1440,7.0
1441,7.0
1442,8.0
1443,6.0
1444,8.0
1445,9.0
1446,8.0
1447,7.0
1448,8.0
1449,6.0
1450,6.0
1451,6.0
1452,7.0
1453,9.0
1454,8.0
1455,6.0
1456,5.0
1457,8.0
1458,7.0
1459,6.0
1460,7.0
1461,7.0
1462,6.0
1463,7.0
1464,7.0
1465,8.0
1466,7.0
1467,9.0
1468,7.0
1469,7.0
1470,7.0
1471,8.0
1472,7.0
1473,6.0
1474,6.0
1475,8.0
1476,8.0
1477,8.0
1478,7.0
1479,8.0
1480,8.0
1481,8.0
1482,7.0
1483,7.0
1484,8.0
1485,8.0
1486,9.0
1487,7.0
1488,8.0
1489,7.0
1490,7.0
1491,7.0
1492,6.0
1493,7.0
1494,8.0
1495,7.0
1496,8.0
1497,7.0
1498,7.0
1499,7.0
1500,7.0
1501,7.0
1502,8.0
1503,6.0
1504,7.0
1505,7.0
1506,7.0
1507,6.0
1508,8.0
1509,7.0
1510,8.0
1511,7.0
1512,8.0
1513,7.0
1514,7.0
1515,8.0
1516,8.0
1517,6.0
1518,8.0
1519,8.0
1520,8.0
1521,7.0
1522,8.0
1523,7.0
1524,7.0
1525,7.0
1526,7.0
1527,6.0
1528,7.0
1529,6.0
1530,7.0
1531,7.0
1532,7.0
1533,7.0
1534,6.0
1535,8.0
1536,7.0
1537,6.0
1538,8.0
1539,8.0
1540,8.0
1541,7.0
1542,7.0
1543,7.0
1544,7.0
1545,7.0
1546,7.0
1547,8.0
1548,7.0
1549,7.0
1550,8.0
1551,7.0
1552,7.0
1553,8.0
1554,7.0
1555,7.0
1556,7.0
1557,8.0
1558,8.0
1559,8.0
1560,7.0
1561,7.0
1562,7.0
1563,8.0
1564,7.0
1565,6.0
1566,6.0
1567,7.0
1568,7.0
1569,8.0
1570,6.0
1571,9.0
1572,7.0
1573,6.0
1574,7.0
1575,7.0
1576,6.0
1577,8.0
1578,8.0
1579,7.0
1580,7.0
1581,6.0
1582,9.0
1583,8.0
1584,8.0
1585,7.0
1586,7.0
1587,8.0
1588,7.0
1589,8.0
1590,7.0
1591,8.0
1592,8.0
1593,7.0
1594,7.0
1595,8.0
1596,7.0
1597,8.0
1598,8.0
1599,6.0
1600,7.0
1601,7.0
1602,7.0
1603,7.0
1604,6.0
1605,8.0
1606,7.0
1607,6.0
1608,7.0
1609,7.0
1610,8.0
1611,6.0
1612,6.0
1613,8.0
1614,7.0
1615,8.0
1616,8.0
1617,7.0
1618,7.0
1619,7.0
1620,7.0
1621,7.0
1622,8.0
1623,8.0
1624,6.0
1625,8.0
1626,7.0
1627,8.0
1628,8.0
1629,5.0
1630,7.0
1631,7.0
1632,7.0
1633,8.0
1634,7.0
1635,7.0
1636,7.0
1637,7.0
1638,7.0
1639,7.0
1640,7.0
1641,6.0
1642,7.0
1643,7.0
1644,8.0
1645,9.0
1646,8.0
1647,7.0
1648,7.0
1649,7.0
1650,9.0
1651,7.0
1652,7.0
1653,8.0
1654,6.0
1655,6.0
1656,7.0
1657,8.0
1658,7.0
1659,8.0
1660,8.0
1661,7.0
1662,7.0
1663,8.0
1664,6.0
1665,7.0
1666,7.0
1667,6.0
1668,7.0
1669,8.0
1670,8.0
1671,8.0
1672,8.0
1673,6.0
1674,7.0
1675,7.0
1676,8.0
1677,6.0
1678,7.0
1679,8.0
1680,7.0
1681,7.0
1682,7.0
1683,7.0
1684,7.0
1685,7.0
1686,8.0
1687,8.0
1688,7.0
1689,6.0
1690,7.0
1691,7.0
1692,7.0
1693,8.0
1694,8.0
1695,8.0
1696,7.0
1697,7.0
1698,8.0
1699,7.0
1700,9.0
1701,6.0
1702,7.0
1703,6.0
1704,7.0
1705,6.0
1706,7.0
1707,8.0
1708,7.0
1709,8.0
1710,6.0
1711,6.0
1712,6.0
1713,7.0
1714,7.0
1715,8.0
1716,7.0
1717,6.0
1718,7.0
1719,6.0
1720,6.0
1721,8.0
1722,7.0
1723,7.0
1724,7.0
1725,7.0
1726,7.0
1727,8.0
1728,9.0
1729,8.0
1730,7.0
1731,7.0
1732,8.0
1733,8.0
1734,8.0
1735,8.0
1736,8.0
1737,8.0
1738,7.0
1739,7.0
1740,8.0
1741,8.0
1742,8.0
1743,7.0
1744,8.0
1745,7.0
1746,7.0
1747,8.0
1748,7.0
1749,7.0
1750,6.0
1751,7.0
1752,7.0
1753,8.0
1754,7.0
1755,7.0
1756,7.0
1757,8.0
1758,8.0
1759,8.0
1760,7.0
1761,7.0
1762,7.0
1763,7.0
1764,7.0
1765,8.0
1766,8.0
1767,8.0
1768,6.0
1769,7.0
1770,6.0
1771,8.0
1772,6.0
1773,8.0
1774,7.0
1775,8.0
1776,8.0
1777,6.0
1778,7.0
1779,7.0
1780,6.0
1781,7.0
1782,7.0
1783,7.0
1784,7.0
1785,7.0
1786,6.0
1787,7.0
1788,8.0
1789,7.0
1790,7.0
1791,7.0
1792,8.0
1793,8.0
1794,8.0
1795,6.0
1796,8.0
1797,8.0
1798,8.0
1799,7.0
1800,8.0
1801,8.0
1802,8.0
1803,8.0
1804,8.0
1805,7.0
1806,6.0
1807,7.0
1808,8.0
1809,8.0
1810,7.0
1811,7.0
1812,8.0
1813,7.0
1814,8.0
1815,7.0
1816,7.0
1817,7.0
1818,7.0
1819,8.0
1820,8.0
1821,8.0
1822,5.0
1823,6.0
1824,7.0
1825,6.0
1826,7.0
1827,9.0
1828,7.0
1829,6.0
1830,7.0
1831,7.0
1832,7.0
1833,6.0
1834,7.0
1835,8.0
1836,8.0
1837,7.0
1838,7.0
1839,7.0
1840,8.0
1841,7.0
1842,6.0
1843,7.0
1844,7.0
1845,7.0
1846,8.0
1847,8.0
1848,7.0
1849,8.0
1850,8.0
1851,7.0
1852,7.0
1853,8.0
1854,8.0
1855,5.0
1856,6.0
1857,8.0
1858,6.0
1859,6.0
1860,7.0
1861,7.0
1862,6.0
1863,7.0
1864,8.0
1865,8.0
1866,8.0
1867,8.0
1868,7.0
1869,7.0
1870,7.0
1871,8.0
1872,8.0
1873,8.0
1874,7.0
1875,7.0
1876,6.0
1877,8.0
1878,8.0
1879,7.0
1880,6.0
1881,7.0
1882,6.0
1883,7.0
1884,7.0
1885,8.0
1886,7.0
1887,7.0
1888,7.0
1889,8.0
1890,7.0
1891,7.0
1892,8.0
1893,7.0
1894,6.0
1895,6.0
1896,6.0
1897,7.0
1898,7.0
1899,7.0
1900,8.0
1901,8.0
1902,8.0
1903,7.0
1904,7.0
1905,8.0
1906,7.0
1907,8.0
1908,7.0
1909,7.0
1910,6.0
1911,8.0
1912,6.0
1913,7.0
1914,7.0
1915,6.0
1916,8.0
1917,8.0
1918,7.0
1919,6.0
1920,8.0
1921,7.0
1922,8.0
1923,7.0
1924,7.0
1925,6.0
1926,8.0
1927,8.0
1928,7.0
1929,7.0
1930,8.0
1931,8.0
1932,7.0
1933,6.0
1934,8.0
1935,7.0
1936,8.0
1937,7.0
1938,7.0
1939,7.0
1940,6.0
1941,7.0
1942,9.0
1943,7.0
1944,6.0
1945,7.0
1946,7.0
1947,7.0
1948,8.0
1949,7.0
1950,8.0
1951,8.0
1952,7.0
1953,8.0
1954,8.0
1955,7.0
1956,7.0
1957,7.0
1958,8.0
1959,7.0
1960,7.0
1961,7.0
1962,7.0
1963,8.0
1964,8.0
1965,7.0
1966,7.0
1967,6.0
1968,8.0
1969,8.0
1970,8.0
1971,8.0
1972,6.0
1973,7.0
1974,7.0
1975,6.0
1976,7.0
1977,8.0
1978,7.0
1979,7.0
1980,7.0
1981,7.0
1982,7.0
1983,6.0
1984,7.0
1985,8.0
1986,6.0
1987,6.0
1988,7.0
1989,7.0
1990,7.0
1991,7.0
1992,7.0
1993,8.0
1994,7.0
1995,8.0
1996,8.0
1997,7.0
1998,6.0
1999,7.0
2000,6.0
2001,7.0
2002,8.0
2003,8.0
2004,8.0
2005,8.0
2006,7.0
2007,9.0
2008,7.0
2009,8.0
2010,6.0
2011,7.0
2012,7.0
2013,7.0
2014,7.0
2015,7.0
2016,6.0
2017,7.0
2018,7.0
2019,6.0
2020,7.0
2021,8.0
2022,7.0
2023,7.0
2024,8.0
2025,7.0
2026,6.0
2027,8.0
2028,7.0
2029,8.0
2030,6.0
2031,8.0
2032,7.0
2033,7.0
2034,8.0
2035,7.0
2036,8.0
2037,6.0
2038,7.0
2039,7.0
2040,8.0
2041,8.0
2042,8.0
2043,7.0
2044,8.0
2045,8.0
2046,7.0
2047,6.0
2048,7.0
2049,7.0
2050,8.0
2051,6.0
2052,8.0
2053,8.0
2054,7.0
2055,8.0
2056,8.0
2057,8.0
2058,7.0
2059,7.0
2060,8.0
2061,8.0
2062,8.0
2063,6.0
2064,6.0
2065,7.0
2066,7.0
2067,7.0
2068,6.0
2069,7.0
2070,8.0
2071,7.0
2072,7.0
2073,7.0
2074,7.0
2075,7.0
2076,8.0
2077,6.0
2078,7.0
2079,8.0
2080,7.0
2081,7.0
2082,7.0
2083,6.0
2084,7.0
2085,7.0
2086,8.0
2087,7.0
2088,6.0
2089,6.0
2090,6.0
2091,7.0
2092,7.0
2093,8.0
2094,7.0
2095,8.0
2096,7.0
2097,7.0
2098,8.0
2099,8.0
2100,8.0
2101,6.0
2102,8.0
2103,7.0
2104,8.0
2105,8.0
2106,7.0
2107,8.0
2108,7.0
2109,7.0
2110,7.0
2111,7.0
2112,7.0
2113,7.0
2114,7.0
2115,7.0
2116,7.0
2117,8.0
2118,7.0
2119,6.0
2120,8.0
2121,6.0
2122,8.0
2123,6.0
2124,8.0
2125,6.0
2126,7.0
2127,8.0
2128,7.0
2129,7.0
2130,8.0
2131,8.0
2132,6.0
2133,8.0
2134,7.0
2135,7.0
2136,7.0
2137,8.0
2138,7.0
2139,8.0
2140,7.0
2141,7.0
2142,6.0
2143,8.0
2144,7.0
2145,7.0
2146,7.0
2147,7.0
2148,7.0
2149,6.0
2150,7.0
2151,7.0
2152,6.0
2153,7.0
2154,7.0
2155,6.0
2156,7.0
2157,8.0
2158,6.0
2159,6.0
2160,7.0
2161,7.0
2162,7.0
2163,7.0
2164,7.0
2165,7.0
2166,6.0
2167,8.0
2168,7.0
2169,7.0
2170,7.0
2171,6.0
2172,8.0
2173,7.0
2174,6.0
2175,6.0
2176,7.0
2177,6.0
2178,7.0
2179,7.0
2180,8.0
2181,8.0
2182,7.0
2183,7.0
2184,7.0
2185,7.0
2186,8.0
2187,7.0
2188,6.0
2189,8.0
2190,7.0
2191,6.0
2192,7.0
2193,7.0
2194,8.0
2195,6.0
2196,6.0
2197,7.0
2198,6.0
2199,7.0
2200,7.0
2201,8.0
2202,7.0
2203,8.0
2204,7.0
2205,6.0
2206,6.0
2207,7.0
2208,8.0
2209,8.0
2210,4.0
2211,7.0
2212,7.0
2213,8.0
2214,7.0
2215,6.0
2216,8.0
2217,7.0
2218,7.0
2219,7.0
2220,8.0
2221,8.0
2222,8.0
2223,7.0
2224,7.0
2225,7.0
2226,7.0
2227,7.0
2228,8.0
2229,7.0
2230,6.0
2231,6.0
2232,8.0
2233,7.0
2234,7.0
2235,8.0
2236,7.0
2237,7.0
2238,7.0
2239,7.0
2240,8.0
2241,8.0
2242,8.0
2243,8.0
2244,6.0
2245,6.0
2246,6.0
2247,6.0
2248,8.0
2249,7.0
2250,8.0
2251,7.0
2252,6.0
2253,8.0
2254,7.0
2255,7.0
2256,8.0
2257,8.0
2258,7.0
2259,6.0
2260,6.0
2261,6.0
2262,8.0
2263,8.0
2264,8.0
2265,7.0
2266,7.0
2267,8.0
2268,7.0
2269,8.0
2270,6.0
2271,8.0
2272,6.0
2273,7.0
2274,9.0
2275,8.0
2276,8.0
2277,8.0
2278,8.0
2279,7.0
2280,7.0
2281,7.0
2282,7.0
2283,7.0
2284,8.0
2285,7.0
2286,7.0
2287,7.0
2288,8.0
2289,7.0
2290,7.0
2291,7.0
2292,8.0
2293,8.0
2294,7.0
2295,8.0
2296,7.0
2297,8.0
2298,7.0
2299,8.0
2300,7.0
2301,7.0
2302,8.0
2303,7.0
2304,7.0
2305,6.0
2306,7.0
2307,7.0
2308,7.0
2309,7.0
2310,8.0
2311,7.0
2312,7.0
2313,7.0
2314,7.0
2315,7.0
2316,8.0
2317,7.0
2318,7.0
2319,7.0
2320,7.0
2321,8.0
2322,8.0
2323,7.0
2324,6.0
2325,7.0
2326,8.0
2327,6.0
2328,6.0
2329,7.0
2330,8.0
2331,8.0
2332,7.0
2333,7.0
2334,7.0
2335,7.0
2336,7.0
2337,7.0
2338,8.0
2339,6.0
2340,7.0
2341,7.0
2342,8.0
2343,7.0
2344,8.0
2345,8.0
2346,7.0
2347,8.0
2348,8.0
2349,7.0
2350,8.0
2351,4.0
2352,7.0
2353,7.0
2354,7.0
2355,6.0
2356,6.0
2357,6.0
2358,6.0
2359,7.0
2360,7.0
2361,8.0
2362,8.0
2363,8.0
2364,7.0
2365,7.0
2366,6.0
2367,7.0
2368,7.0
2369,7.0
2370,8.0
2371,6.0
2372,6.0
2373,6.0
2374,7.0
2375,7.0
2376,7.0
2377,7.0
2378,7.0
2379,8.0
2380,6.0
2381,7.0
2382,9.0
2383,8.0
2384,6.0
2385,8.0
2386,8.0
2387,6.0
2388,7.0
2389,7.0
2390,8.0
2391,8.0
2392,7.0
2393,7.0
2394,7.0
2395,7.0
2396,8.0
2397,8.0
2398,8.0
2399,7.0
2400,7.0
2401,9.0
2402,5.0
2403,7.0
2404,8.0
2405,7.0
2406,7.0
2407,7.0
2408,7.0
2409,9.0
2410,8.0
2411,6.0
2412,8.0
2413,7.0
2414,7.0
2415,6.0
2416,8.0
2417,7.0
2418,7.0
2419,9.0
2420,7.0
2421,6.0
2422,7.0
2423,9.0
2424,7.0
2425,8.0
2426,7.0
2427,6.0
2428,6.0
2429,7.0
2430,8.0
2431,7.0
2432,7.0
2433,8.0
2434,7.0
2435,7.0
2436,7.0
2437,6.0
2438,8.0
2439,7.0
2440,7.0
2441,7.0
2442,7.0
2443,6.0
2444,8.0
2445,7.0
2446,7.0
2447,9.0
2448,7.0
2449,8.0
2450,8.0
2451,8.0
2452,9.0
2453,6.0
2454,7.0
2455,7.0
2456,8.0
2457,7.0
2458,7.0
2459,7.0
2460,7.0
2461,7.0
2462,8.0
2463,8.0
2464,7.0
2465,8.0
2466,7.0
2467,8.0
2468,7.0
2469,7.0
2470,8.0
2471,7.0
2472,7.0
2473,8.0
2474,9.0
2475,7.0
2476,7.0
2477,7.0
2478,8.0
2479,8.0
2480,8.0
2481,8.0
2482,8.0
2483,7.0
2484,6.0
2485,6.0
2486,8.0
2487,7.0
2488,8.0
2489,7.0
2490,5.0
2491,8.0
2492,7.0
2493,7.0
2494,8.0
2495,8.0
2496,6.0
2497,7.0
2498,8.0
2499,8.0
2500,7.0
2501,7.0
2502,8.0
2503,7.0
2504,7.0
2505,6.0
2506,7.0
2507,6.0
2508,7.0
2509,7.0
2510,7.0
2511,8.0
2512,7.0
2513,7.0
2514,8.0
2515,8.0
2516,7.0
2517,8.0
2518,8.0
2519,8.0
2520,8.0
2521,7.0
2522,7.0
2523,6.0
2524,7.0
2525,8.0
2526,7.0
2527,6.0
2528,7.0
2529,8.0
2530,8.0
2531,8.0
2532,7.0
2533,8.0
2534,8.0
2535,8.0
2536,7.0
2537,7.0
2538,7.0
2539,6.0
2540,7.0
2541,7.0
2542,6.0
2543,8.0
2544,8.0
2545,7.0
2546,8.0
2547,7.0
2548,7.0
2549,7.0
2550,7.0
2551,7.0
2552,7.0
2553,7.0
2554,6.0
2555,8.0
2556,8.0
2557,7.0
2558,8.0
2559,7.0
2560,6.0
2561,7.0
2562,7.0
2563,7.0
2564,7.0
2565,7.0
2566,8.0
2567,7.0
2568,6.0
2569,7.0
2570,6.0
2571,7.0
2572,7.0
2573,8.0
2574,7.0
2575,6.0
2576,7.0
2577,6.0
2578,6.0
2579,6.0
2580,7.0
2581,8.0
2582,7.0
2583,7.0
2584,6.0
2585,8.0
2586,7.0
2587,8.0
2588,8.0
2589,7.0
2590,7.0
2591,8.0
2592,7.0
2593,6.0
2594,8.0
2595,7.0
2596,8.0
2597,8.0
2598,6.0
2599,7.0
2600,8.0
2601,7.0
2602,8.0
2603,7.0
2604,8.0
2605,7.0
2606,7.0
2607,7.0
2608,8.0
2609,6.0
2610,8.0
2611,6.0
2612,8.0
2613,7.0
2614,7.0
2615,8.0
2616,8.0
2617,6.0
2618,7.0
2619,8.0
2620,7.0
2621,8.0
2622,6.0
2623,6.0
2624,6.0
2625,8.0
2626,8.0
2627,7.0
2628,7.0
2629,8.0
2630,8.0
2631,7.0
2632,7.0
2633,8.0
2634,6.0
2635,8.0
2636,8.0
2637,6.0
2638,7.0
2639,7.0
2640,6.0
2641,8.0
2642,7.0
2643,6.0
2644,8.0
2645,8.0
2646,6.0
2647,8.0
2648,6.0
2649,8.0
2650,8.0
2651,6.0
2652,7.0
2653,8.0
2654,6.0
2655,8.0
2656,8.0
2657,8.0
2658,6.0
2659,7.0
2660,7.0
2661,7.0
2662,6.0
2663,8.0
2664,7.0
2665,6.0
2666,8.0
2667,8.0
2668,7.0
2669,8.0
2670,7.0
2671,8.0
2672,7.0
2673,7.0
2674,7.0
2675,8.0
2676,8.0
2677,7.0
2678,8.0
2679,8.0
2680,7.0
2681,6.0
2682,8.0
2683,7.0
2684,8.0
2685,7.0
2686,8.0
2687,7.0
2688,8.0
2689,6.0
2690,8.0
2691,7.0
2692,6.0
2693,8.0
2694,7.0
2695,7.0
2696,7.0
2697,8.0
2698,6.0
2699,8.0
2700,7.0
2701,6.0
2702,7.0
2703,7.0
2704,8.0
2705,7.0
2706,7.0
2707,6.0
2708,7.0
2709,7.0
2710,7.0
2711,7.0
2712,7.0
2713,7.0
2714,7.0
2715,8.0
2716,6.0
2717,7.0
2718,7.0
2719,7.0
2720,7.0
2721,7.0
2722,8.0
2723,7.0
2724,7.0
2725,8.0
2726,7.0
2727,8.0
2728,8.0
2729,8.0
2730,7.0
2731,7.0
2732,5.0
2733,8.0
2734,8.0
2735,6.0
2736,7.0
2737,7.0
2738,6.0
2739,8.0
2740,7.0
2741,8.0
2742,8.0
2743,7.0
2744,7.0
2745,6.0
2746,8.0
2747,7.0
2748,8.0
2749,8.0
2750,6.0
2751,8.0
2752,8.0
2753,7.0
2754,8.0
2755,7.0
2756,7.0
2757,7.0
2758,7.0
2759,9.0
2760,7.0
2761,8.0
2762,7.0
2763,6.0
2764,7.0
2765,8.0
2766,9.0
2767,8.0
2768,9.0
2769,5.0
2770,8.0
2771,7.0
2772,8.0
2773,7.0
2774,8.0
2775,7.0
2776,7.0
2777,7.0
2778,7.0
2779,7.0
2780,7.0
2781,6.0
2782,8.0
2783,7.0
2784,7.0
2785,8.0
2786,7.0
2787,8.0
2788,7.0
2789,7.0
2790,6.0
2791,6.0
2792,7.0
2793,8.0
2794,9.0
2795,8.0
2796,9.0
2797,6.0
2798,6.0
2799,7.0
2800,7.0
2801,7.0
2802,8.0
2803,7.0
2804,6.0
2805,7.0
2806,7.0
2807,7.0
2808,7.0
2809,6.0
2810,7.0
2811,7.0
2812,7.0
2813,7.0
2814,8.0
2815,7.0
2816,7.0
2817,7.0
2818,8.0
2819,6.0
2820,7.0
2821,7.0
2822,7.0
2823,7.0
2824,7.0
2825,8.0
2826,8.0
2827,7.0
2828,8.0
2829,7.0
2830,7.0
2831,7.0
2832,7.0
2833,8.0
2834,8.0
2835,7.0
2836,7.0
2837,7.0
2838,7.0
2839,7.0
2840,8.0
2841,7.0
2842,7.0
2843,7.0
2844,7.0
2845,8.0
2846,7.0
2847,7.0
2848,6.0
2849,7.0
2850,7.0
2851,8.0
2852,8.0
2853,8.0
2854,7.0
2855,8.0
2856,6.0
2857,7.0
2858,8.0
2859,7.0
2860,8.0
2861,7.0
2862,8.0
2863,7.0
2864,9.0
2865,6.0
2866,7.0
2867,7.0
2868,6.0
2869,7.0
2870,8.0
2871,7.0
2872,7.0
2873,8.0
2874,8.0
2875,8.0
2876,8.0
2877,6.0
2878,8.0
2879,7.0
2880,7.0
2881,8.0
2882,8.0
2883,7.0
2884,7.0
2885,8.0
2886,8.0
2887,7.0
2888,7.0
2889,7.0
2890,7.0
2891,9.0
2892,6.0
2893,8.0
2894,7.0
2895,7.0
2896,7.0
2897,8.0
2898,7.0
2899,8.0
2900,7.0
2901,7.0
2902,8.0
2903,7.0
2904,7.0
2905,8.0
2906,7.0
2907,8.0
2908,6.0
2909,6.0
2910,7.0
2911,6.0
2912,7.0
2913,8.0
2914,8.0
2915,7.0
2916,7.0
2917,5.0
2918,8.0
2919,7.0
2920,7.0
2921,6.0
2922,7.0
2923,6.0
2924,7.0
2925,7.0
2926,7.0
2927,9.0
2928,7.0
2929,7.0
2930,6.0
2931,6.0
2932,7.0
2933,7.0
2934,8.0
2935,7.0
2936,6.0
2937,8.0
2938,8.0
2939,7.0
2940,7.0
2941,8.0
2942,7.0
2943,7.0
2944,8.0
2945,8.0
2946,8.0
2947,6.0
2948,6.0
2949,6.0
2950,7.0
2951,7.0
2952,6.0
2953,6.0
2954,6.0
2955,7.0
2956,7.0
2957,8.0
2958,7.0
2959,8.0
2960,8.0
2961,6.0
2962,7.0
2963,7.0
2964,8.0
2965,8.0
2966,7.0
2967,7.0
2968,7.0
2969,9.0
2970,7.0
2971,7.0
2972,8.0
2973,8.0
2974,8.0
2975,7.0
2976,7.0
2977,8.0
2978,8.0
2979,7.0
2980,6.0
2981,7.0
2982,7.0
2983,7.0
2984,7.0
2985,7.0
2986,7.0
2987,6.0
2988,7.0
2989,8.0
2990,7.0
2991,7.0
2992,7.0
2993,8.0
2994,7.0
2995,8.0
2996,7.0
2997,7.0
2998,6.0
2999,7.0
3000,8.0
3001,7.0
3002,7.0
3003,7.0
3004,7.0
3005,7.0
3006,6.0
3007,6.0
3008,7.0
3009,8.0
3010,8.0
3011,6.0
3012,8.0
3013,7.0
3014,7.0
3015,8.0
3016,6.0
3017,9.0
3018,8.0
3019,6.0
3020,7.0
3021,8.0
3022,8.0
3023,8.0
3024,7.0
3025,8.0
3026,8.0
3027,7.0
3028,8.0
3029,6.0
3030,8.0
3031,8.0
3032,7.0
3033,7.0
3034,8.0
3035,6.0
3036,7.0
3037,7.0
3038,8.0
3039,7.0
3040,7.0
3041,6.0
3042,8.0
3043,7.0
3044,6.0
3045,8.0
3046,6.0
3047,8.0
3048,7.0
3049,7.0
3050,7.0
3051,7.0
3052,6.0
3053,7.0
3054,7.0
3055,6.0
3056,8.0
3057,8.0
3058,6.0
3059,7.0
3060,8.0
3061,7.0
3062,7.0
3063,8.0
3064,7.0
3065,6.0
3066,6.0
3067,7.0
3068,7.0
3069,8.0
3070,6.0
3071,8.0
3072,7.0
3073,7.0
3074,7.0
3075,8.0
3076,7.0
3077,8.0
3078,6.0
3079,7.0
3080,7.0
3081,6.0
3082,8.0
3083,7.0
3084,7.0
3085,7.0
3086,8.0
3087,8.0
3088,7.0
3089,7.0
3090,7.0
3091,8.0
3092,8.0
3093,6.0
3094,6.0
3095,6.0
3096,6.0
3097,8.0
3098,6.0
3099,6.0
3100,7.0
3101,7.0
3102,8.0
3103,8.0
3104,6.0
3105,7.0
3106,7.0
3107,6.0
3108,6.0
3109,7.0
3110,7.0
3111,7.0
3112,6.0
3113,6.0
3114,7.0
3115,7.0
3116,7.0
3117,7.0
3118,7.0
3119,6.0
3120,8.0
3121,8.0
3122,9.0
3123,7.0
3124,9.0
3125,7.0
3126,7.0
3127,6.0
3128,7.0
3129,7.0
3130,7.0
3131,7.0
3132,7.0
3133,8.0
3134,7.0
3135,8.0
3136,7.0
3137,7.0
3138,7.0
3139,8.0
3140,7.0
3141,6.0
3142,7.0
3143,8.0
3144,7.0
3145,7.0
3146,6.0
3147,6.0
3148,7.0
3149,7.0
3150,8.0
3151,8.0
3152,9.0
3153,6.0
3154,7.0
3155,6.0
3156,6.0
3157,6.0
3158,8.0
3159,7.0
3160,7.0
3161,6.0
3162,7.0
3163,8.0
3164,8.0
3165,7.0
3166,8.0
3167,7.0
3168,8.0
3169,8.0
3170,6.0
3171,7.0
3172,7.0
3173,7.0
3174,7.0
3175,8.0
3176,7.0
3177,7.0
3178,7.0
3179,6.0
3180,8.0
3181,6.0
3182,7.0
3183,7.0
3184,8.0
3185,7.0
3186,7.0
3187,7.0
3188,8.0
3189,7.0
3190,7.0
3191,7.0
3192,7.0
3193,6.0
3194,7.0
3195,7.0
3196,7.0
3197,8.0
3198,7.0
3199,7.0
3200,7.0
3201,7.0
3202,6.0
3203,8.0
3204,8.0
3205,8.0
3206,7.0
3207,9.0
3208,8.0
3209,8.0
3210,7.0
3211,6.0
3212,7.0
3213,7.0
3214,6.0
3215,7.0
3216,8.0
3217,6.0
3218,8.0
3219,8.0
3220,8.0
3221,7.0
3222,8.0
3223,8.0
3224,8.0
3225,6.0
3226,8.0
3227,8.0
3228,8.0
3229,7.0
3230,8.0
3231,7.0
3232,8.0
3233,8.0
3234,8.0
3235,7.0
3236,7.0
3237,8.0
3238,7.0
3239,7.0
3240,8.0
3241,8.0
3242,7.0
3243,8.0
3244,8.0
3245,6.0
3246,7.0
3247,7.0
3248,6.0
3249,6.0
3250,7.0
3251,8.0
3252,7.0
3253,6.0
3254,7.0
3255,8.0
3256,8.0
3257,8.0
3258,8.0
3259,6.0
3260,8.0
3261,8.0
3262,8.0
3263,7.0
3264,8.0
3265,8.0
3266,6.0
3267,6.0
3268,7.0
3269,7.0
3270,8.0
3271,8.0
3272,6.0
3273,7.0
3274,7.0
3275,7.0
3276,7.0
3277,8.0
3278,8.0
3279,8.0
3280,7.0
3281,7.0
3282,7.0
3283,7.0
3284,7.0
3285,7.0
3286,7.0
3287,6.0
3288,6.0
3289,8.0
3290,7.0
3291,9.0
3292,7.0
3293,6.0
3294,7.0
3295,7.0
3296,8.0
3297,7.0
3298,7.0
3299,8.0
3300,7.0
3301,7.0
3302,7.0
3303,8.0
3304,8.0
3305,7.0
3306,8.0
3307,8.0
3308,7.0
3309,8.0
3310,7.0
3311,7.0
3312,8.0
3313,8.0
3314,6.0
3315,8.0
3316,7.0
3317,8.0
3318,6.0
3319,8.0
3320,8.0
3321,8.0
3322,7.0
3323,7.0
3324,8.0
3325,7.0
3326,7.0
3327,6.0
3328,7.0
3329,6.0
3330,8.0
3331,8.0
3332,7.0
3333,7.0
3334,7.0
3335,7.0
3336,7.0
3337,8.0
3338,5.0
3339,6.0
3340,8.0
3341,7.0
3342,7.0
3343,7.0
3344,8.0
3345,7.0
3346,8.0
3347,8.0
3348,7.0
3349,8.0
3350,7.0
3351,7.0
3352,6.0
3353,7.0
3354,6.0
3355,8.0
3356,7.0
3357,8.0
3358,7.0
3359,7.0
3360,8.0
3361,7.0
3362,7.0
3363,8.0
3364,6.0
3365,7.0
3366,7.0
3367,7.0
3368,8.0
3369,7.0
3370,8.0
3371,7.0
3372,7.0
3373,8.0
3374,8.0
3375,9.0
3376,6.0
3377,8.0
3378,7.0
3379,8.0
3380,6.0
3381,7.0
3382,8.0
3383,7.0
3384,8.0
3385,8.0
3386,8.0
3387,7.0
3388,7.0
3389,7.0
3390,7.0
3391,6.0
3392,7.0
3393,7.0
3394,7.0
3395,9.0
3396,7.0
3397,8.0
3398,6.0
3399,8.0
3400,6.0
3401,7.0
3402,6.0
3403,7.0
3404,8.0
3405,6.0
3406,8.0
3407,7.0
3408,7.0
3409,6.0
3410,7.0
3411,8.0
3412,7.0
3413,7.0
3414,7.0
3415,7.0
3416,7.0
3417,7.0
3418,7.0
3419,6.0
3420,7.0
3421,7.0
3422,8.0
3423,8.0
3424,8.0
3425,7.0
3426,6.0
3427,8.0
3428,7.0
3429,8.0
3430,7.0
3431,8.0
3432,7.0
3433,7.0
3434,7.0
3435,6.0
3436,8.0
3437,8.0
3438,8.0
3439,7.0
3440,8.0
3441,7.0
3442,9.0
3443,8.0
3444,7.0
3445,6.0
3446,7.0
3447,7.0
3448,7.0
3449,7.0
3450,8.0
3451,7.0
3452,6.0
3453,8.0
3454,7.0
3455,7.0
3456,7.0
3457,7.0
3458,7.0
3459,7.0
3460,8.0
3461,7.0
3462,7.0
3463,7.0
3464,6.0
3465,7.0
3466,7.0
3467,7.0
3468,8.0
3469,8.0
3470,8.0
3471,7.0
3472,7.0
3473,8.0
3474,8.0
3475,7.0
3476,7.0
3477,6.0
3478,7.0
3479,8.0
3480,8.0
3481,7.0
3482,7.0
3483,7.0
3484,8.0
3485,6.0
3486,6.0
3487,7.0
3488,7.0
3489,8.0
3490,8.0
3491,8.0
3492,7.0
3493,6.0
3494,6.0
3495,7.0
3496,6.0
3497,6.0
3498,7.0
3499,6.0
3500,7.0
3501,7.0
3502,7.0
3503,7.0
3504,7.0
3505,6.0
3506,7.0
3507,8.0
3508,7.0
3509,7.0
3510,8.0
3511,8.0
3512,7.0
3513,8.0
3514,7.0
3515,7.0
3516,7.0
3517,7.0
3518,8.0
3519,9.0
3520,7.0
3521,7.0
3522,8.0
3523,7.0
3524,8.0
3525,8.0
3526,8.0
3527,6.0
3528,7.0
3529,8.0
3530,7.0
3531,7.0
3532,8.0
3533,6.0
3534,8.0
3535,7.0
3536,6.0
3537,8.0
3538,7.0
3539,8.0
3540,7.0
3541,8.0
3542,6.0
3543,7.0
3544,7.0
3545,6.0
3546,7.0
3547,7.0
3548,8.0
3549,6.0
3550,6.0
3551,7.0
3552,7.0
3553,8.0
3554,7.0
3555,7.0
3556,7.0
3557,7.0
3558,7.0
3559,7.0
3560,7.0
3561,6.0
3562,7.0
3563,8.0
3564,8.0
3565,6.0
3566,8.0
3567,6.0
3568,7.0
3569,6.0
3570,8.0
3571,7.0
3572,6.0
3573,8.0
3574,7.0
3575,7.0
3576,7.0
3577,8.0
3578,7.0
3579,6.0
3580,7.0
3581,7.0
3582,7.0
3583,7.0
3584,8.0
3585,7.0
3586,7.0
3587,7.0
3588,7.0
3589,8.0
3590,7.0
3591,8.0
3592,7.0
3593,7.0
3594,8.0
3595,6.0
3596,7.0
3597,8.0
3598,8.0
3599,8.0
3600,7.0
3601,8.0
3602,6.0
3603,7.0
3604,8.0
3605,7.0
3606,7.0
3607,7.0
3608,7.0
3609,8.0
3610,6.0
3611,8.0
3612,7.0
3613,8.0
3614,7.0
3615,7.0
3616,8.0
3617,7.0
3618,7.0
3619,8.0
3620,7.0
3621,8.0
3622,7.0
3623,7.0
3624,8.0
3625,7.0
3626,7.0
3627,6.0
3628,8.0
3629,8.0
3630,8.0
3631,8.0
3632,7.0
3633,7.0
3634,7.0
3635,5.0
3636,7.0
3637,8.0
3638,7.0
3639,8.0
3640,7.0
3641,8.0
3642,8.0
3643,7.0
3644,7.0
3645,8.0
3646,7.0
3647,8.0
3648,8.0
3649,7.0
3650,9.0
3651,6.0
3652,7.0
3653,6.0
3654,8.0
3655,8.0
3656,7.0
3657,6.0
3658,8.0
3659,7.0
3660,7.0
3661,7.0
3662,7.0
3663,7.0
3664,7.0
3665,8.0
3666,8.0
3667,8.0
3668,7.0
3669,7.0
3670,8.0
3671,9.0
3672,7.0
3673,7.0
3674,7.0
3675,7.0
3676,6.0
3677,6.0
3678,6.0
3679,7.0
3680,7.0
3681,7.0
3682,7.0
3683,7.0
3684,7.0
3685,8.0
3686,6.0
3687,7.0
3688,8.0
3689,6.0
3690,8.0
3691,8.0
3692,8.0
3693,6.0
3694,7.0
3695,8.0
3696,7.0
3697,7.0
3698,7.0
3699,7.0
3700,7.0
3701,7.0
3702,8.0
3703,8.0
3704,7.0
3705,8.0
3706,7.0
3707,5.0
3708,8.0
3709,7.0
3710,7.0
3711,6.0
3712,8.0
3713,7.0
3714,7.0
3715,8.0
3716,8.0
3717,7.0
3718,7.0
3719,8.0
3720,8.0
3721,7.0
3722,7.0
3723,6.0
3724,9.0
3725,8.0
3726,7.0
3727,8.0
3728,7.0
3729,9.0
3730,7.0
3731,7.0
3732,5.0
3733,7.0
3734,7.0
3735,7.0
3736,7.0
3737,7.0
3738,7.0
3739,8.0
3740,7.0
3741,7.0
3742,6.0
3743,7.0
3744,7.0
3745,7.0
3746,7.0
3747,7.0
3748,8.0
3749,8.0
3750,8.0
3751,7.0
3752,7.0
3753,7.0
3754,8.0
3755,7.0
3756,7.0
3757,7.0
3758,8.0
3759,7.0
3760,7.0
3761,7.0
3762,7.0
3763,7.0
3764,7.0
3765,8.0
3766,6.0
3767,8.0
3768,7.0
3769,7.0
3770,8.0
3771,8.0
3772,7.0
3773,8.0
3774,7.0
3775,7.0
3776,8.0
3777,7.0
3778,7.0
3779,7.0
3780,8.0
3781,8.0
3782,7.0
3783,7.0
3784,7.0
3785,7.0
3786,7.0
3787,7.0
3788,7.0
3789,6.0
3790,7.0
3791,6.0
3792,7.0
3793,7.0
3794,7.0
3795,8.0
3796,8.0
3797,7.0
3798,8.0
3799,7.0
3800,8.0
3801,7.0
3802,8.0
3803,8.0
3804,7.0
3805,8.0
3806,8.0
3807,8.0
3808,7.0
3809,7.0
3810,7.0
3811,8.0
3812,6.0
3813,7.0
3814,7.0
3815,8.0
3816,6.0
3817,6.0
3818,7.0
3819,8.0
3820,7.0
3821,6.0
3822,8.0
3823,7.0
3824,9.0
3825,8.0
3826,8.0
3827,7.0
3828,8.0
3829,7.0
3830,7.0
3831,6.0
3832,8.0
3833,7.0
3834,8.0
3835,7.0
3836,7.0
3837,8.0
3838,7.0
3839,6.0
3840,7.0
3841,7.0
3842,7.0
3843,7.0
3844,8.0
3845,7.0
3846,8.0
3847,7.0
3848,7.0
3849,6.0
3850,7.0
3851,6.0
3852,6.0
3853,7.0
3854,7.0
3855,7.0
3856,6.0
3857,6.0
3858,6.0
3859,7.0
3860,7.0
3861,7.0
3862,7.0
3863,7.0
3864,6.0
3865,6.0
3866,8.0
3867,7.0
3868,7.0
3869,6.0
3870,8.0
3871,8.0
3872,6.0
3873,8.0
3874,8.0
3875,7.0
3876,7.0
3877,6.0
3878,7.0
3879,9.0
3880,6.0
3881,7.0
3882,8.0
3883,8.0
3884,6.0
3885,8.0
3886,8.0
3887,7.0
3888,7.0
3889,7.0
3890,8.0
3891,8.0
3892,7.0
3893,8.0
3894,8.0
3895,7.0
3896,7.0
3897,7.0
3898,7.0
3899,7.0
3900,7.0
3901,6.0
3902,6.0
3903,6.0
3904,7.0
3905,7.0
3906,8.0
3907,7.0
3908,7.0
3909,6.0
3910,8.0
3911,7.0
3912,8.0
3913,7.0
3914,6.0
3915,6.0
3916,7.0
3917,7.0
3918,7.0
3919,7.0
3920,7.0
3921,9.0
3922,8.0
3923,7.0
3924,8.0
3925,6.0
3926,7.0
3927,8.0
3928,7.0
3929,8.0
3930,8.0
3931,6.0
3932,7.0
3933,7.0
3934,7.0
3935,8.0
3936,7.0
3937,7.0
3938,7.0
3939,7.0
3940,8.0
3941,7.0
3942,7.0
3943,8.0
3944,7.0
3945,7.0
3946,8.0
3947,6.0
3948,8.0
3949,8.0
3950,7.0
3951,7.0
3952,8.0
3953,7.0
3954,7.0
3955,6.0
3956,7.0
3957,7.0
3958,7.0
3959,8.0
3960,7.0
3961,7.0
3962,5.0
3963,7.0
3964,7.0
3965,7.0
3966,6.0
3967,7.0
3968,7.0
3969,8.0
3970,7.0
3971,7.0
3972,6.0
3973,6.0
3974,7.0
3975,6.0
3976,8.0
3977,7.0
3978,7.0
3979,7.0
3980,8.0
3981,8.0
3982,7.0
3983,7.0
3984,6.0
3985,8.0
3986,7.0
3987,7.0
3988,9.0
3989,7.0
3990,7.0
3991,7.0
3992,7.0
3993,6.0
3994,8.0
3995,7.0
3996,7.0
3997,7.0
3998,8.0
3999,7.0
4000,7.0
4001,8.0
4002,7.0
4003,7.0
4004,7.0
4005,8.0
4006,8.0
4007,7.0
4008,7.0
4009,8.0
4010,8.0
4011,7.0
4012,6.0
4013,8.0
4014,8.0
4015,6.0
4016,7.0
4017,6.0
4018,6.0
4019,7.0
4020,7.0
4021,8.0
4022,7.0
4023,7.0
4024,8.0
4025,6.0
4026,8.0
4027,7.0
4028,7.0
4029,7.0
4030,7.0
4031,8.0
4032,6.0
4033,8.0
4034,7.0
4035,7.0
4036,8.0
4037,8.0
4038,8.0
4039,8.0
4040,7.0
4041,6.0
4042,9.0
4043,7.0
4044,7.0
4045,6.0
4046,6.0
4047,8.0
4048,8.0
4049,8.0
4050,7.0
4051,6.0
4052,5.0
4053,6.0
4054,7.0
4055,7.0
4056,8.0
4057,6.0
4058,8.0
4059,6.0
4060,8.0
4061,6.0
4062,7.0
4063,8.0
4064,7.0
4065,6.0
4066,7.0
4067,6.0
4068,6.0
4069,8.0
4070,9.0
4071,7.0
4072,7.0
4073,7.0
4074,7.0
4075,7.0
4076,7.0
4077,8.0
4078,6.0
4079,7.0
4080,7.0
4081,8.0
4082,8.0
4083,7.0
4084,8.0
4085,8.0
4086,7.0
4087,8.0
4088,9.0
4089,8.0
4090,7.0
4091,7.0
4092,7.0
4093,7.0
4094,8.0
4095,6.0
4096,8.0
4097,8.0
4098,7.0
4099,7.0
4100,7.0
4101,7.0
4102,7.0
4103,7.0
4104,7.0
4105,7.0
4106,8.0
4107,8.0
4108,7.0
4109,7.0
4110,8.0
4111,7.0
4112,8.0
4113,6.0
4114,7.0
4115,7.0
4116,7.0
4117,7.0
4118,6.0
4119,7.0
4120,7.0
4121,7.0
4122,7.0
4123,7.0
4124,5.0
4125,7.0
4126,6.0
4127,7.0
4128,6.0
4129,8.0
4130,8.0
4131,7.0
4132,6.0
4133,8.0
4134,7.0
4135,7.0
4136,9.0
4137,6.0
4138,8.0
4139,8.0
4140,7.0
4141,8.0
4142,7.0
4143,6.0
4144,7.0
4145,7.0
4146,8.0
4147,8.0
4148,7.0
4149,9.0
4150,7.0
4151,7.0
4152,8.0
4153,6.0
4154,5.0
4155,8.0
4156,8.0
4157,7.0
4158,7.0
4159,8.0
4160,8.0
4161,6.0
4162,7.0
4163,6.0
4164,8.0
4165,7.0
4166,7.0
4167,8.0
4168,8.0
4169,8.0
4170,6.0
4171,7.0
4172,6.0
4173,7.0
4174,7.0
4175,8.0
4176,8.0
4177,8.0
4178,8.0
4179,7.0
4180,7.0
4181,7.0
4182,8.0
4183,7.0
4184,8.0
4185,8.0
4186,9.0
4187,6.0
4188,7.0
4189,8.0
4190,6.0
4191,6.0
4192,8.0
4193,7.0
4194,7.0
4195,7.0
4196,7.0
4197,8.0
4198,7.0
4199,7.0
4200,6.0
4201,8.0
4202,7.0
4203,8.0
4204,7.0
4205,7.0
4206,7.0
4207,7.0
4208,7.0
4209,6.0
4210,7.0
4211,7.0
4212,8.0
4213,7.0
4214,6.0
4215,8.0
4216,7.0
4217,7.0
4218,8.0
4219,8.0
4220,7.0
4221,8.0
4222,6.0
4223,7.0
4224,7.0
4225,5.0
4226,7.0
4227,6.0
4228,8.0
4229,7.0
4230,8.0
4231,7.0
4232,7.0
4233,7.0
4234,7.0
4235,8.0
4236,6.0
4237,8.0
4238,7.0
4239,7.0
4240,7.0
4241,6.0
4242,7.0
4243,6.0
4244,8.0
4245,7.0
4246,8.0
4247,8.0
4248,7.0
4249,7.0
4250,6.0
4251,8.0
4252,6.0
4253,7.0
4254,8.0
4255,9.0
4256,8.0
4257,7.0
4258,6.0
4259,8.0
4260,6.0
4261,7.0
4262,8.0
4263,8.0
4264,6.0
4265,7.0
4266,7.0
4267,6.0
4268,8.0
4269,7.0
4270,7.0
4271,8.0
4272,8.0
4273,7.0
4274,7.0
4275,7.0
4276,7.0
4277,7.0
4278,8.0
4279,7.0
4280,7.0
4281,7.0
4282,6.0
4283,6.0
4284,8.0
4285,7.0
4286,7.0
4287,7.0
4288,7.0
4289,7.0
4290,6.0
4291,8.0
4292,7.0
4293,8.0
4294,6.0
4295,7.0
4296,8.0
4297,7.0
4298,8.0
4299,7.0
4300,8.0
4301,7.0
4302,7.0
4303,7.0
4304,7.0
4305,7.0
4306,7.0
4307,7.0
4308,7.0
4309,8.0
4310,8.0
4311,8.0
4312,6.0
4313,8.0
4314,7.0
4315,8.0
4316,8.0
4317,7.0
4318,8.0
4319,7.0
4320,8.0
4321,7.0
4322,7.0
4323,8.0
4324,6.0
4325,7.0
4326,6.0
4327,7.0
4328,6.0
4329,7.0
4330,6.0
4331,8.0
4332,7.0
4333,7.0
4334,7.0
4335,7.0
4336,7.0
4337,7.0
4338,6.0
4339,7.0
4340,7.0
4341,8.0
4342,7.0
4343,8.0
4344,7.0
4345,7.0
4346,7.0
4347,8.0
4348,8.0
4349,7.0
4350,7.0
4351,8.0
4352,8.0
4353,8.0
4354,7.0
4355,7.0
4356,8.0
4357,6.0
4358,7.0
4359,8.0
4360,8.0
4361,8.0
4362,7.0
4363,7.0
4364,8.0
4365,8.0
4366,7.0
4367,7.0
4368,7.0
4369,7.0
4370,8.0
4371,6.0
4372,7.0
4373,7.0
4374,8.0
4375,7.0
4376,7.0
4377,8.0
4378,8.0
4379,9.0
4380,8.0
4381,7.0
4382,7.0
4383,7.0
4384,6.0
4385,8.0
4386,7.0
4387,7.0
4388,8.0
4389,8.0
4390,7.0
4391,7.0
4392,6.0
4393,7.0
4394,7.0
4395,7.0
4396,8.0
4397,7.0
4398,7.0
4399,7.0
4400,8.0
4401,8.0
4402,7.0
4403,7.0
4404,7.0
4405,7.0
4406,9.0
4407,7.0
4408,7.0
4409,8.0
4410,8.0
4411,7.0
4412,8.0
4413,7.0
4414,6.0
4415,8.0
4416,8.0
4417,6.0
4418,6.0
4419,7.0
4420,6.0
4421,6.0
4422,7.0
4423,8.0
4424,7.0
4425,6.0
4426,7.0
4427,7.0
4428,7.0
4429,8.0
4430,7.0
4431,7.0
4432,8.0
4433,6.0
4434,7.0
4435,7.0
4436,8.0
4437,7.0
4438,6.0
4439,8.0
4440,7.0
4441,7.0
4442,8.0
4443,8.0
4444,8.0
4445,8.0
4446,7.0
4447,6.0
4448,7.0
4449,8.0
4450,8.0
4451,7.0
4452,8.0
4453,7.0
4454,8.0
4455,7.0
4456,8.0
4457,6.0
4458,7.0
4459,8.0
4460,6.0
4461,6.0
4462,6.0
4463,7.0
4464,7.0
4465,6.0
4466,7.0
4467,6.0
4468,7.0
4469,7.0
4470,6.0
4471,8.0
4472,7.0
4473,7.0
4474,8.0
4475,8.0
4476,7.0
4477,7.0
4478,6.0
4479,6.0
4480,7.0
4481,8.0
4482,7.0
4483,8.0
4484,7.0
4485,7.0
4486,7.0
4487,7.0
4488,7.0
4489,7.0
4490,8.0
4491,7.0
4492,6.0
4493,7.0
4494,6.0
4495,6.0
4496,8.0
4497,7.0
4498,8.0
4499,8.0
4500,6.0
4501,7.0
4502,8.0
4503,7.0
4504,8.0
4505,7.0
4506,7.0
4507,7.0
4508,7.0
4509,6.0
4510,7.0
4511,8.0
4512,7.0
4513,7.0
4514,6.0
4515,7.0
4516,7.0
4517,7.0
4518,8.0
4519,7.0
4520,7.0
4521,8.0
4522,8.0
4523,7.0
4524,7.0
4525,8.0
4526,7.0
4527,7.0
4528,7.0
4529,6.0
4530,6.0
4531,7.0
4532,7.0
4533,9.0
4534,6.0
4535,8.0
4536,7.0
4537,7.0
4538,8.0
4539,8.0
4540,7.0
4541,7.0
4542,7.0
4543,8.0
4544,7.0
4545,6.0
4546,7.0
4547,8.0
4548,8.0
4549,8.0
4550,7.0
4551,7.0
4552,7.0
4553,8.0
4554,8.0
4555,7.0
4556,7.0
4557,6.0
4558,7.0
4559,7.0
4560,7.0
4561,7.0
4562,7.0
4563,7.0
4564,7.0
4565,8.0
4566,7.0
4567,7.0
4568,7.0
4569,8.0
4570,6.0
4571,7.0
4572,8.0
4573,8.0
4574,7.0
4575,7.0
4576,8.0
4577,8.0
4578,7.0
4579,8.0
4580,6.0
4581,7.0
4582,8.0
4583,7.0
4584,6.0
4585,7.0
4586,7.0
4587,8.0
4588,7.0
4589,8.0
4590,7.0
4591,8.0
4592,8.0
4593,8.0
4594,7.0
4595,8.0
4596,7.0
4597,8.0
4598,7.0
4599,6.0
4600,6.0
4601,7.0
4602,7.0
4603,7.0
4604,8.0
4605,8.0
4606,7.0
4607,7.0
4608,7.0
4609,7.0
4610,7.0
4611,8.0
4612,7.0
4613,7.0
4614,8.0
4615,8.0
4616,7.0
4617,7.0
4618,7.0
4619,8.0
4620,8.0
4621,8.0
4622,6.0
4623,8.0
4624,8.0
4625,7.0
4626,7.0
4627,8.0
4628,5.0
4629,7.0
4630,6.0
4631,7.0
4632,8.0
4633,6.0
4634,7.0
4635,7.0
4636,6.0
4637,7.0
4638,6.0
4639,8.0
4640,8.0
4641,6.0
4642,7.0
4643,7.0
4644,6.0
4645,7.0
4646,6.0
4647,7.0
4648,8.0
4649,8.0
4650,6.0
4651,8.0
4652,7.0
4653,6.0
4654,8.0
4655,8.0
4656,7.0
4657,7.0
4658,8.0
4659,6.0
4660,8.0
4661,7.0
4662,8.0
4663,6.0
4664,7.0
4665,8.0
4666,6.0
4667,6.0
4668,7.0
4669,8.0
4670,8.0
4671,7.0
4672,6.0
4673,8.0
4674,7.0
4675,9.0
4676,7.0
4677,7.0
4678,6.0
4679,7.0
4680,8.0
4681,8.0
4682,8.0
4683,7.0
4684,6.0
4685,7.0
4686,8.0
4687,7.0
4688,7.0
4689,7.0
4690,7.0
4691,7.0
4692,8.0
4693,6.0
4694,8.0
4695,8.0
4696,8.0
4697,7.0
4698,7.0
4699,8.0
4700,6.0
4701,7.0
4702,8.0
4703,7.0
4704,8.0
4705,7.0
4706,6.0
4707,7.0
4708,8.0
4709,7.0
4710,7.0
4711,6.0
4712,6.0
4713,7.0
4714,7.0
4715,7.0
4716,6.0
4717,7.0
4718,6.0
4719,6.0
4720,8.0
4721,7.0
4722,7.0
4723,8.0
4724,6.0
4725,7.0
4726,7.0
4727,7.0
4728,8.0
4729,8.0
4730,8.0
4731,6.0
4732,7.0
4733,7.0
4734,7.0
4735,7.0
4736,7.0
4737,7.0
4738,8.0
4739,7.0
4740,7.0
4741,7.0
4742,7.0
4743,9.0
4744,7.0
4745,7.0
4746,7.0
4747,6.0
4748,8.0
4749,8.0
4750,6.0
4751,7.0
4752,7.0
4753,9.0
4754,9.0
4755,7.0
4756,7.0
4757,8.0
4758,8.0
4759,7.0
4760,8.0
4761,7.0
4762,7.0
4763,6.0
4764,7.0
4765,6.0
4766,7.0
4767,7.0
4768,7.0
4769,7.0
4770,7.0
4771,5.0
4772,7.0
4773,8.0
4774,7.0
4775,6.0
4776,7.0
4777,7.0
4778,7.0
4779,7.0
4780,7.0
4781,7.0
4782,8.0
4783,6.0
4784,6.0
4785,7.0
4786,7.0
4787,7.0
4788,7.0
4789,8.0
4790,6.0
4791,7.0
4792,7.0
4793,7.0
4794,7.0
4795,7.0
4796,6.0
4797,7.0
4798,8.0
4799,7.0
4800,7.0
4801,9.0
4802,8.0
4803,7.0
4804,8.0
4805,8.0
4806,7.0
4807,7.0
4808,8.0
4809,7.0
4810,7.0
4811,7.0
4812,9.0
4813,8.0
4814,7.0
4815,6.0
4816,8.0
4817,7.0
4818,8.0
4819,7.0
4820,8.0
4821,7.0
4822,7.0
4823,8.0
4824,8.0
4825,7.0
4826,8.0
4827,7.0
4828,7.0
4829,7.0
4830,8.0
4831,7.0
4832,7.0
4833,7.0
4834,8.0
4835,6.0
4836,6.0
4837,8.0
4838,6.0
4839,6.0
4840,6.0
4841,8.0
4842,8.0
4843,8.0
4844,8.0
4845,7.0
4846,7.0
4847,7.0
4848,8.0
4849,7.0
4850,6.0
4851,6.0
4852,7.0
4853,8.0
4854,7.0
4855,8.0
4856,8.0
4857,7.0
4858,7.0
4859,7.0
4860,7.0
4861,8.0
4862,7.0
4863,8.0
4864,8.0
4865,8.0
4866,8.0
4867,8.0
4868,6.0
4869,7.0
4870,7.0
4871,8.0
4872,8.0
4873,7.0
4874,8.0
4875,6.0
4876,7.0
4877,5.0
4878,8.0
4879,7.0
4880,7.0
4881,8.0
4882,8.0
4883,7.0
4884,8.0
4885,7.0
4886,7.0
4887,7.0
4888,6.0
4889,7.0
4890,7.0
4891,7.0
4892,6.0
4893,8.0
4894,8.0
4895,8.0
4896,8.0
4897,8.0
4898,7.0
4899,7.0
4900,8.0
4901,7.0
4902,7.0
4903,6.0
4904,8.0
4905,6.0
4906,8.0
4907,7.0
4908,7.0
4909,4.0
4910,7.0
4911,7.0
4912,8.0
4913,7.0
4914,8.0
4915,7.0
4916,7.0
4917,7.0
4918,6.0
4919,7.0
4920,8.0
4921,6.0
4922,8.0
4923,7.0
4924,7.0
4925,8.0
4926,7.0
4927,8.0
4928,6.0
4929,7.0
4930,7.0
4931,8.0
4932,6.0
4933,7.0
4934,7.0
4935,7.0
4936,7.0
4937,8.0
4938,8.0
4939,7.0
4940,7.0
4941,6.0
4942,7.0
4943,7.0
4944,8.0
4945,8.0
4946,6.0
4947,8.0
4948,7.0
4949,7.0
4950,6.0
4951,8.0
4952,6.0
4953,7.0
4954,7.0
4955,7.0
4956,8.0
4957,8.0
4958,7.0
4959,6.0
4960,7.0
4961,6.0
4962,7.0
4963,7.0
4964,8.0
4965,6.0
4966,6.0
4967,7.0
4968,6.0
4969,7.0
4970,7.0
4971,8.0
4972,6.0
4973,7.0
4974,7.0
4975,7.0
4976,6.0
4977,7.0
4978,7.0
4979,7.0
4980,8.0
4981,6.0
4982,7.0
4983,7.0
4984,8.0
4985,8.0
4986,7.0
4987,7.0
4988,8.0
4989,7.0
4990,7.0
4991,8.0
4992,5.0
4993,7.0
4994,7.0
4995,7.0
4996,8.0
4997,8.0
4998,7.0
4999,8.0
5000,7.0
5001,7.0
5002,7.0
5003,7.0
5004,6.0
5005,6.0
5006,8.0
5007,7.0
5008,6.0
5009,7.0
5010,7.0
5011,6.0
5012,8.0
5013,7.0
5014,7.0
5015,7.0
5016,8.0
5017,6.0
5018,7.0
5019,8.0
5020,8.0
5021,8.0
5022,7.0
5023,8.0
5024,8.0
5025,7.0
5026,7.0
5027,6.0
5028,6.0
5029,7.0
5030,6.0
5031,8.0
5032,7.0
5033,8.0
5034,8.0
5035,7.0
5036,9.0
5037,8.0
5038,8.0
5039,7.0
5040,7.0
5041,7.0
5042,7.0
5043,6.0
5044,8.0
5045,8.0
5046,7.0
5047,7.0
5048,7.0
5049,8.0
5050,7.0
5051,5.0
5052,7.0
5053,8.0
5054,8.0
5055,8.0
5056,7.0
5057,7.0
5058,6.0
5059,7.0
5060,8.0
5061,8.0
5062,7.0
5063,8.0
5064,8.0
5065,8.0
5066,7.0
5067,8.0
5068,8.0
5069,8.0
5070,8.0
5071,9.0
5072,8.0
5073,8.0
5074,7.0
5075,7.0
5076,9.0
5077,6.0
5078,8.0
5079,6.0
5080,8.0
5081,6.0
5082,7.0
5083,8.0
5084,7.0
5085,8.0
5086,7.0
5087,6.0
5088,8.0
5089,8.0
5090,7.0
5091,8.0
5092,8.0
5093,8.0
5094,8.0
5095,7.0
5096,8.0
5097,7.0
5098,6.0
5099,7.0
5100,8.0
5101,6.0
5102,8.0
5103,9.0
5104,8.0
5105,7.0
5106,7.0
5107,8.0
5108,6.0
5109,7.0
5110,7.0
5111,7.0
5112,7.0
5113,7.0
5114,7.0
5115,7.0
5116,8.0
5117,7.0
5118,8.0
5119,8.0
5120,7.0
5121,8.0
5122,7.0
5123,8.0
5124,6.0
5125,6.0
5126,6.0
5127,7.0
5128,7.0
5129,7.0
5130,8.0
5131,8.0
5132,6.0
5133,7.0
5134,7.0
5135,7.0
5136,8.0
5137,7.0
5138,7.0
5139,8.0
5140,7.0
5141,8.0
5142,7.0
5143,7.0
5144,8.0
5145,8.0
5146,8.0
5147,7.0
5148,7.0
5149,8.0
5150,7.0
5151,6.0
5152,8.0
5153,8.0
5154,7.0
5155,7.0
5156,6.0
5157,8.0
5158,6.0
5159,7.0
5160,8.0
5161,7.0
5162,7.0
5163,7.0
5164,7.0
5165,8.0
5166,8.0
5167,6.0
5168,8.0
5169,7.0
5170,6.0
5171,7.0
5172,6.0
5173,8.0
5174,8.0
5175,7.0
5176,7.0
5177,7.0
5178,8.0
5179,8.0
5180,7.0
5181,6.0
5182,6.0
5183,6.0
5184,8.0
5185,7.0
5186,6.0
5187,6.0
5188,7.0
5189,8.0
5190,7.0
5191,7.0
5192,7.0
5193,7.0
5194,9.0
5195,8.0
5196,8.0
5197,6.0
5198,8.0
5199,7.0
5200,7.0
5201,7.0
5202,8.0
5203,8.0
5204,8.0
5205,7.0
5206,7.0
5207,8.0
5208,8.0
5209,8.0
5210,7.0
5211,7.0
5212,8.0
5213,7.0
5214,7.0
5215,8.0
5216,8.0
5217,8.0
5218,7.0
5219,8.0
5220,7.0
5221,6.0
5222,8.0
5223,7.0
5224,7.0
5225,8.0
5226,8.0
5227,6.0
5228,6.0
5229,7.0
5230,7.0
5231,7.0
5232,8.0
5233,7.0
5234,8.0
5235,6.0
5236,8.0
5237,6.0
5238,7.0
5239,9.0
5240,7.0
5241,8.0
5242,7.0
5243,7.0
5244,7.0
5245,7.0
5246,6.0
5247,7.0
5248,8.0
5249,7.0
5250,8.0
5251,8.0
5252,7.0
5253,6.0
5254,7.0
5255,7.0
5256,7.0
5257,8.0
5258,7.0
5259,7.0
5260,7.0
5261,8.0
5262,8.0
5263,6.0
5264,7.0
5265,7.0
5266,9.0
5267,8.0
5268,7.0
5269,8.0
5270,8.0
5271,7.0
5272,7.0
5273,7.0
5274,8.0
5275,8.0
5276,7.0
5277,8.0
5278,8.0
5279,7.0
5280,7.0
5281,8.0
5282,8.0
5283,7.0
5284,7.0
5285,8.0
5286,8.0
5287,7.0
5288,6.0
5289,8.0
5290,9.0
5291,8.0
5292,7.0
5293,6.0
5294,8.0
5295,7.0
5296,7.0
5297,8.0
5298,7.0
5299,7.0
5300,7.0
5301,7.0
5302,7.0
5303,7.0
5304,8.0
5305,8.0
5306,6.0
5307,7.0
5308,8.0
5309,7.0
5310,7.0
5311,7.0
5312,7.0
5313,7.0
5314,7.0
5315,8.0
5316,7.0
5317,6.0
5318,7.0
5319,7.0
5320,6.0
5321,8.0
5322,7.0
5323,6.0
5324,6.0
5325,8.0
5326,6.0
5327,8.0
5328,7.0
5329,8.0
5330,8.0
5331,8.0
5332,8.0
5333,7.0
5334,7.0
5335,7.0
5336,7.0
5337,7.0
5338,7.0
5339,8.0
5340,7.0
5341,8.0
5342,7.0
5343,7.0
5344,8.0
5345,6.0
5346,7.0
5347,7.0
5348,8.0
5349,8.0
5350,8.0
5351,7.0
5352,8.0
5353,7.0
5354,8.0
5355,7.0
5356,7.0
5357,7.0
5358,6.0
5359,7.0
5360,7.0
5361,7.0
5362,8.0
5363,8.0
5364,8.0
5365,8.0
5366,7.0
5367,7.0
5368,7.0
5369,6.0
5370,6.0
5371,7.0
5372,7.0
5373,8.0
5374,7.0
5375,7.0
5376,7.0
5377,8.0
5378,8.0
5379,7.0
5380,8.0
5381,8.0
5382,8.0
5383,9.0
5384,8.0
5385,8.0
5386,8.0
5387,7.0
5388,7.0
5389,7.0
5390,6.0
5391,7.0
5392,8.0
5393,7.0
5394,8.0
5395,6.0
5396,7.0
5397,8.0
5398,8.0
5399,7.0
5400,7.0
5401,7.0
5402,8.0
5403,7.0
5404,7.0
5405,8.0
5406,8.0
5407,9.0
5408,7.0
5409,8.0
5410,6.0
5411,8.0
5412,8.0
5413,6.0
5414,7.0
5415,7.0
5416,8.0
5417,7.0
5418,7.0
5419,8.0
5420,8.0
5421,7.0
5422,7.0
5423,7.0
5424,6.0
5425,8.0
5426,6.0
5427,7.0
5428,7.0
5429,6.0
5430,7.0
5431,6.0
5432,7.0
5433,7.0
5434,7.0
5435,7.0
5436,7.0
5437,7.0
5438,6.0
5439,8.0
5440,8.0
5441,8.0
5442,6.0
5443,7.0
5444,8.0
5445,8.0
5446,8.0
5447,9.0
5448,8.0
5449,7.0
5450,7.0
5451,7.0
5452,8.0
5453,8.0
5454,8.0
5455,7.0
5456,7.0
5457,7.0
5458,6.0
5459,8.0
5460,7.0
5461,7.0
5462,8.0
5463,8.0
5464,6.0
5465,7.0
5466,7.0
5467,8.0
5468,7.0
5469,7.0
5470,7.0
5471,7.0
5472,8.0
5473,8.0
5474,7.0
5475,8.0
5476,7.0
5477,6.0
5478,7.0
5479,7.0
5480,8.0
5481,7.0
5482,8.0
5483,7.0
5484,8.0
5485,8.0
5486,7.0
5487,8.0
5488,7.0
5489,7.0
5490,6.0
5491,8.0
5492,8.0
5493,6.0
5494,7.0
5495,8.0
5496,7.0
5497,6.0
5498,7.0
5499,6.0
5500,8.0
5501,8.0
5502,7.0
5503,7.0
5504,8.0
5505,7.0
5506,8.0
5507,7.0
5508,6.0
5509,7.0
5510,7.0
5511,7.0
5512,6.0
5513,7.0
5514,7.0
5515,8.0
5516,6.0
5517,7.0
5518,7.0
5519,8.0
5520,7.0
5521,8.0
5522,7.0
5523,7.0
5524,6.0
5525,8.0
5526,8.0
5527,7.0
5528,7.0
5529,7.0
5530,6.0
5531,9.0
5532,8.0
5533,7.0
5534,8.0
5535,8.0
5536,7.0
5537,8.0
5538,7.0
5539,8.0
5540,8.0
5541,6.0
5542,7.0
5543,9.0
5544,7.0
5545,7.0
5546,8.0
5547,6.0
5548,8.0
5549,8.0
5550,8.0
5551,7.0
5552,7.0
5553,8.0
5554,8.0
5555,6.0
5556,6.0
5557,8.0
5558,7.0
5559,7.0
5560,7.0
5561,6.0
5562,8.0
5563,7.0
5564,7.0
5565,8.0
5566,7.0
5567,6.0
5568,6.0
5569,9.0
5570,8.0
5571,8.0
5572,7.0
5573,7.0
5574,7.0
5575,8.0
5576,8.0
5577,8.0
5578,6.0
5579,6.0
5580,8.0
5581,7.0
5582,7.0
5583,7.0
5584,8.0
5585,8.0
5586,7.0
5587,7.0
5588,7.0
5589,6.0
5590,7.0
5591,7.0
5592,7.0
5593,7.0
5594,6.0
5595,6.0
5596,7.0
5597,6.0
5598,8.0
5599,7.0
5600,7.0
5601,7.0
5602,6.0
5603,6.0
5604,6.0
5605,7.0
5606,6.0
5607,7.0
5608,8.0
5609,8.0
5610,8.0
5611,8.0
5612,7.0
5613,6.0
5614,6.0
5615,6.0
5616,8.0
5617,6.0
5618,7.0
5619,8.0
5620,8.0
5621,7.0
5622,8.0
5623,7.0
5624,7.0
5625,8.0
5626,7.0
5627,7.0
5628,7.0
5629,7.0
5630,7.0
5631,8.0
5632,8.0
5633,7.0
5634,7.0
5635,7.0
5636,8.0
5637,7.0
5638,6.0
5639,8.0
5640,8.0
5641,7.0
5642,5.0
5643,6.0
5644,7.0
5645,7.0
5646,7.0
5647,8.0
5648,6.0
5649,7.0
5650,6.0
5651,6.0
5652,6.0
5653,8.0
5654,8.0
5655,9.0
5656,7.0
5657,7.0
5658,8.0
5659,8.0
5660,7.0
5661,7.0
5662,8.0
5663,7.0
5664,7.0
5665,8.0
5666,6.0
5667,8.0
5668,8.0
5669,7.0
5670,8.0
5671,7.0
5672,8.0
5673,8.0
5674,7.0
5675,8.0
5676,7.0
5677,7.0
5678,6.0
5679,7.0
5680,7.0
5681,7.0
5682,7.0
5683,7.0
5684,6.0
5685,8.0
5686,7.0
5687,7.0
5688,6.0
5689,8.0
5690,6.0
5691,6.0
5692,7.0
5693,7.0
5694,7.0
5695,7.0
5696,7.0
5697,7.0
5698,8.0
5699,8.0
5700,7.0
5701,8.0
5702,7.0
5703,7.0
5704,6.0
5705,8.0
5706,7.0
5707,7.0
5708,7.0
5709,8.0
5710,8.0
5711,8.0
5712,7.0
5713,8.0
5714,6.0
5715,8.0
5716,6.0
5717,8.0
5718,8.0
5719,7.0
5720,7.0
5721,8.0
5722,7.0
5723,6.0
5724,7.0
5725,8.0
5726,7.0
5727,7.0
5728,7.0
5729,7.0
5730,8.0
5731,6.0
5732,7.0
5733,7.0
5734,7.0
5735,7.0
5736,8.0
5737,8.0
5738,7.0
5739,7.0
5740,7.0
5741,7.0
5742,7.0
5743,7.0
5744,6.0
5745,8.0
5746,6.0
5747,8.0
5748,7.0
5749,8.0
5750,8.0
5751,6.0
5752,7.0
5753,7.0
5754,7.0
5755,6.0
5756,8.0
5757,7.0
5758,6.0
5759,8.0
5760,8.0
5761,6.0
5762,7.0
5763,7.0
5764,7.0
5765,8.0
5766,7.0
5767,7.0
5768,7.0
5769,6.0
5770,6.0
5771,7.0
5772,6.0
5773,7.0
5774,7.0
5775,7.0
5776,7.0
5777,8.0
5778,7.0
5779,8.0
5780,7.0
5781,7.0
5782,7.0
5783,8.0
5784,7.0
5785,7.0
5786,6.0
5787,6.0
5788,8.0
5789,6.0
5790,7.0
5791,7.0
5792,7.0
5793,7.0
5794,7.0
5795,6.0
5796,6.0
5797,7.0
5798,8.0
5799,6.0
5800,8.0
5801,8.0
5802,8.0
5803,8.0
5804,7.0
5805,8.0
5806,7.0
5807,7.0
5808,7.0
5809,8.0
5810,7.0
5811,8.0
5812,7.0
5813,9.0
5814,7.0
5815,7.0
5816,8.0
5817,8.0
5818,8.0
5819,7.0
5820,7.0
5821,7.0
5822,7.0
5823,7.0
5824,9.0
5825,7.0
5826,7.0
5827,7.0
5828,8.0
5829,7.0
5830,8.0
5831,7.0
5832,6.0
5833,8.0
5834,6.0
5835,7.0
5836,7.0
5837,9.0
5838,7.0
5839,8.0
5840,7.0
5841,8.0
5842,7.0
5843,8.0
5844,8.0
5845,8.0
5846,7.0
5847,8.0
5848,7.0
5849,7.0
5850,7.0
5851,7.0
5852,8.0
5853,6.0
5854,7.0
5855,8.0
5856,9.0
5857,7.0
5858,8.0
5859,7.0
5860,7.0
5861,7.0
5862,8.0
5863,7.0
5864,7.0
5865,7.0
5866,7.0
5867,7.0
5868,8.0
5869,8.0
5870,8.0
5871,8.0
5872,7.0
5873,7.0
5874,6.0
5875,7.0
5876,8.0
5877,7.0
5878,8.0
5879,8.0
5880,7.0
5881,8.0
5882,7.0
5883,6.0
5884,7.0
5885,7.0
5886,6.0
5887,7.0
5888,7.0
5889,8.0
5890,7.0
5891,8.0
5892,6.0
5893,8.0
5894,7.0
5895,7.0
5896,8.0
5897,8.0
5898,6.0
5899,6.0
5900,7.0
5901,7.0
5902,7.0
5903,8.0
5904,8.0
5905,8.0
5906,7.0
5907,7.0
5908,7.0
5909,8.0
5910,6.0
5911,6.0
5912,7.0
5913,8.0
5914,7.0
5915,8.0
5916,7.0
5917,7.0
5918,7.0
5919,6.0
5920,7.0
5921,8.0
5922,7.0
5923,8.0
5924,6.0
5925,7.0
5926,7.0
5927,6.0
5928,7.0
5929,6.0
5930,7.0
5931,8.0
5932,7.0
5933,7.0
5934,7.0
5935,8.0
5936,8.0
5937,7.0
5938,7.0
5939,7.0
5940,7.0
5941,8.0
5942,9.0
5943,6.0
5944,8.0
5945,7.0
5946,8.0
5947,7.0
5948,6.0
5949,7.0
5950,7.0
5951,8.0
5952,8.0
5953,8.0
5954,6.0
5955,8.0
5956,7.0
5957,7.0
5958,6.0
5959,7.0
5960,7.0
5961,8.0
5962,7.0
5963,8.0
5964,8.0
5965,7.0
5966,7.0
5967,7.0
5968,7.0
5969,7.0
5970,8.0
5971,8.0
5972,7.0
5973,8.0
5974,8.0
5975,7.0
5976,8.0
5977,9.0
5978,6.0
5979,7.0
5980,8.0
5981,7.0
5982,8.0
5983,6.0
5984,7.0
5985,7.0
5986,8.0
5987,7.0
5988,6.0
5989,7.0
5990,6.0
5991,7.0
5992,7.0
5993,8.0
5994,6.0
5995,8.0
5996,8.0
5997,7.0
5998,8.0
5999,8.0
6000,7.0
6001,6.0
6002,8.0
6003,8.0
6004,7.0
6005,7.0
6006,7.0
6007,7.0
6008,7.0
6009,8.0
6010,7.0
6011,8.0
6012,6.0
6013,7.0
6014,7.0
6015,8.0
6016,6.0
6017,7.0
6018,7.0
6019,7.0
6020,7.0
6021,7.0
6022,8.0
6023,6.0
6024,7.0
6025,8.0
6026,8.0
6027,7.0
6028,7.0
6029,7.0
6030,7.0
6031,7.0
6032,8.0
6033,6.0
6034,8.0
6035,7.0
6036,8.0
6037,6.0
6038,8.0
6039,8.0
6040,7.0
6041,8.0
6042,8.0
6043,7.0
6044,7.0
6045,7.0
6046,7.0
6047,8.0
6048,7.0
6049,6.0
6050,6.0
6051,7.0
6052,7.0
6053,7.0
6054,7.0
6055,7.0
6056,6.0
6057,8.0
6058,8.0
6059,7.0
6060,8.0
6061,8.0
6062,7.0
6063,8.0
6064,7.0
6065,7.0
6066,8.0
6067,6.0
6068,7.0
6069,7.0
6070,9.0
6071,6.0
6072,6.0
6073,7.0
6074,9.0
6075,8.0
6076,7.0
6077,7.0
6078,6.0
6079,7.0
6080,7.0
6081,7.0
6082,8.0
6083,7.0
6084,7.0
6085,7.0
6086,8.0
6087,7.0
6088,8.0
6089,6.0
6090,7.0
6091,8.0
6092,7.0
6093,7.0
6094,6.0
6095,7.0
6096,7.0
6097,9.0
6098,7.0
6099,7.0
6100,8.0
6101,8.0
6102,7.0
6103,7.0
6104,8.0
6105,8.0
6106,6.0
6107,7.0
6108,6.0
6109,7.0
6110,7.0
6111,8.0
6112,6.0
6113,7.0
6114,6.0
6115,6.0
6116,6.0
6117,8.0
6118,7.0
6119,7.0
6120,7.0
6121,6.0
6122,8.0
6123,6.0
6124,7.0
6125,8.0
6126,7.0
6127,6.0
6128,6.0
6129,7.0
6130,8.0
6131,7.0
6132,7.0
6133,6.0
6134,8.0
6135,7.0
6136,7.0
6137,6.0
6138,7.0
6139,7.0
6140,7.0
6141,6.0
6142,6.0
6143,7.0
6144,6.0
6145,8.0
6146,6.0
6147,8.0
6148,7.0
6149,7.0
6150,7.0
6151,7.0
6152,6.0
6153,6.0
6154,6.0
6155,7.0
6156,7.0
6157,8.0
6158,7.0
6159,7.0
6160,8.0
6161,6.0
6162,8.0
6163,7.0
6164,7.0
6165,7.0
6166,7.0
6167,7.0
6168,7.0
6169,6.0
6170,7.0
6171,7.0
6172,7.0
6173,7.0
6174,7.0
6175,8.0
6176,7.0
6177,8.0
6178,8.0
6179,7.0
6180,6.0
6181,7.0
6182,7.0
6183,7.0
6184,7.0
6185,6.0
6186,6.0
6187,7.0
6188,8.0
6189,8.0
6190,7.0
6191,8.0
6192,7.0
6193,7.0
6194,8.0
6195,8.0
6196,8.0
6197,8.0
6198,8.0
6199,7.0
6200,6.0
6201,7.0
6202,8.0
6203,7.0
6204,9.0
6205,7.0
6206,6.0
6207,8.0
6208,7.0
6209,7.0
6210,6.0
6211,7.0
6212,6.0
6213,7.0
6214,7.0
6215,8.0
6216,8.0
6217,8.0
6218,8.0
6219,7.0
6220,8.0
6221,7.0
6222,7.0
6223,6.0
6224,7.0
6225,7.0
6226,7.0
6227,7.0
6228,6.0
6229,7.0
6230,7.0
6231,6.0
6232,6.0
6233,6.0
6234,6.0
6235,7.0
6236,8.0
6237,8.0
6238,7.0
6239,8.0
6240,8.0
6241,6.0
6242,6.0
6243,7.0
6244,7.0
6245,5.0
6246,6.0
6247,7.0
6248,7.0
6249,8.0
6250,8.0
6251,7.0
6252,7.0
6253,7.0
6254,8.0
6255,7.0
6256,7.0
6257,8.0
6258,5.0
6259,7.0
6260,8.0
6261,7.0
6262,7.0
6263,8.0
6264,7.0
6265,7.0
6266,7.0
6267,8.0
6268,8.0
6269,8.0
6270,7.0
6271,6.0
6272,7.0
6273,7.0
6274,7.0
6275,7.0
6276,7.0
6277,7.0
6278,7.0
6279,8.0
6280,8.0
6281,7.0
6282,8.0
6283,6.0
6284,7.0
6285,7.0
6286,6.0
6287,7.0
6288,8.0
6289,7.0
6290,7.0
6291,8.0
6292,6.0
6293,7.0
6294,7.0
6295,8.0
6296,7.0
6297,7.0
6298,7.0
6299,6.0
6300,6.0
6301,6.0
6302,7.0
6303,8.0
6304,7.0
6305,7.0
6306,5.0
6307,7.0
6308,7.0
6309,7.0
6310,7.0
6311,6.0
6312,8.0
6313,7.0
6314,6.0
6315,8.0
6316,7.0
6317,8.0
6318,7.0
6319,7.0
6320,8.0
6321,8.0
6322,7.0
6323,7.0
6324,7.0
6325,5.0
6326,6.0
6327,6.0
6328,7.0
6329,6.0
6330,8.0
6331,6.0
6332,7.0
6333,6.0
6334,7.0
6335,8.0
6336,7.0
6337,6.0
6338,7.0
6339,6.0
6340,7.0
6341,7.0
6342,7.0
6343,8.0
6344,8.0
6345,8.0
6346,7.0
6347,7.0
6348,6.0
6349,8.0
6350,9.0
6351,8.0
6352,7.0
6353,7.0
6354,6.0
6355,7.0
6356,8.0
6357,8.0
6358,8.0
6359,7.0
6360,8.0
6361,7.0
6362,7.0
6363,8.0
6364,7.0
6365,6.0
6366,6.0
6367,8.0
6368,6.0
6369,8.0
6370,8.0
6371,7.0
6372,7.0
6373,7.0
6374,7.0
6375,8.0
6376,7.0
6377,6.0
6378,6.0
6379,7.0
6380,8.0
6381,8.0
6382,7.0
6383,7.0
6384,7.0
6385,6.0
6386,7.0
6387,7.0
6388,8.0
6389,8.0
6390,7.0
6391,7.0
6392,8.0
6393,7.0
6394,7.0
6395,7.0
6396,8.0
6397,7.0
6398,8.0
6399,7.0
6400,7.0
6401,7.0
6402,8.0
6403,8.0
6404,7.0
6405,8.0
6406,7.0
6407,8.0
6408,6.0
6409,6.0
6410,7.0
6411,8.0
6412,7.0
6413,7.0
6414,6.0
6415,7.0
6416,8.0
6417,8.0
6418,7.0
6419,7.0
6420,7.0
6421,7.0
6422,7.0
6423,6.0
6424,7.0
6425,8.0
6426,7.0
6427,7.0
6428,6.0
6429,6.0
6430,8.0
6431,8.0
6432,7.0
6433,9.0
6434,7.0
6435,8.0
6436,8.0
6437,8.0
6438,7.0
6439,8.0
6440,6.0
6441,8.0
6442,7.0
6443,7.0
6444,7.0
6445,7.0
6446,6.0
6447,8.0
6448,8.0
6449,7.0
6450,7.0
6451,7.0
6452,7.0
6453,7.0
6454,7.0
6455,7.0
6456,7.0
6457,8.0
6458,6.0
6459,6.0
6460,7.0
6461,7.0
6462,8.0
6463,7.0
6464,8.0
6465,8.0
6466,8.0
6467,8.0
6468,8.0
6469,6.0
6470,8.0
6471,7.0
6472,7.0
6473,6.0
6474,8.0
6475,7.0
6476,8.0
6477,7.0
6478,7.0
6479,8.0
6480,8.0
6481,7.0
6482,7.0
6483,8.0
6484,7.0
6485,8.0
6486,6.0
6487,5.0
6488,7.0
6489,7.0
6490,8.0
6491,7.0
6492,8.0
6493,7.0
6494,8.0
6495,7.0
6496,8.0
6497,7.0
6498,7.0
6499,7.0
6500,6.0
6501,6.0
6502,7.0
6503,7.0
6504,7.0
6505,6.0
6506,7.0
6507,7.0
6508,8.0
6509,7.0
6510,8.0
6511,7.0
6512,7.0
6513,6.0
6514,7.0
6515,6.0
6516,8.0
6517,8.0
6518,7.0
6519,7.0
6520,9.0
6521,6.0
6522,7.0
6523,7.0
6524,6.0
6525,6.0
6526,7.0
6527,7.0
6528,7.0
6529,7.0
6530,7.0
6531,8.0
6532,7.0
6533,6.0
6534,7.0
6535,7.0
6536,7.0
6537,7.0
6538,7.0
6539,8.0
6540,8.0
6541,7.0
6542,9.0
6543,7.0
6544,7.0
6545,6.0
6546,7.0
6547,8.0
6548,7.0
6549,8.0
6550,7.0
6551,7.0
6552,8.0
6553,8.0
6554,7.0
6555,8.0
6556,8.0
6557,7.0
6558,6.0
6559,7.0
6560,7.0
6561,7.0
6562,7.0
6563,9.0
6564,8.0
6565,7.0
6566,6.0
6567,7.0
6568,7.0
6569,6.0
6570,7.0
6571,7.0
6572,7.0
6573,6.0
6574,7.0
6575,6.0
6576,7.0
6577,7.0
6578,8.0
6579,7.0
6580,8.0
6581,8.0
6582,8.0
6583,8.0
6584,8.0
6585,7.0
6586,8.0
6587,7.0
6588,7.0
6589,7.0
6590,7.0
6591,7.0
6592,8.0
6593,8.0
6594,8.0
6595,7.0
6596,6.0
6597,7.0
6598,6.0
6599,8.0
6600,5.0
6601,6.0
6602,8.0
6603,6.0
6604,6.0
6605,7.0
6606,8.0
6607,8.0
6608,8.0
6609,8.0
6610,7.0
6611,7.0
6612,7.0
6613,8.0
6614,7.0
6615,7.0
6616,8.0
6617,8.0
6618,6.0
6619,8.0
6620,6.0
6621,6.0
6622,7.0
6623,7.0
6624,7.0
6625,7.0
6626,6.0
6627,6.0
6628,7.0
6629,8.0
6630,8.0
6631,8.0
6632,8.0
6633,6.0
6634,8.0
6635,7.0
6636,8.0
6637,8.0
6638,7.0
6639,7.0
6640,8.0
6641,7.0
6642,8.0
6643,7.0
6644,7.0
6645,7.0
6646,7.0
6647,8.0
6648,8.0
6649,9.0
6650,6.0
6651,6.0
6652,7.0
6653,6.0
6654,8.0
6655,8.0
6656,8.0
6657,9.0
6658,6.0
6659,8.0
6660,7.0
6661,7.0
6662,9.0
6663,6.0
6664,7.0
6665,7.0
6666,7.0
6667,8.0
6668,8.0
6669,7.0
6670,8.0
6671,7.0
6672,7.0
6673,6.0
6674,7.0
6675,7.0
6676,6.0
6677,7.0
6678,6.0
6679,7.0
6680,8.0
6681,7.0
6682,9.0
6683,8.0
6684,7.0
6685,8.0
6686,8.0
6687,9.0
6688,7.0
6689,7.0
6690,7.0
6691,8.0
6692,7.0
6693,6.0
6694,7.0
6695,6.0
6696,7.0
6697,8.0
6698,8.0
6699,7.0
6700,7.0
6701,6.0
6702,7.0
6703,7.0
6704,8.0
6705,6.0
6706,7.0
6707,6.0
6708,6.0
6709,6.0
6710,8.0
6711,7.0
6712,7.0
6713,8.0
6714,7.0
6715,7.0
6716,7.0
6717,6.0
6718,8.0
6719,7.0
6720,7.0
6721,7.0
6722,8.0
6723,7.0
6724,7.0
6725,6.0
6726,7.0
6727,8.0
6728,7.0
6729,8.0
6730,6.0
6731,8.0
6732,7.0
6733,6.0
6734,6.0
6735,7.0
6736,8.0
6737,7.0
6738,7.0
6739,6.0
6740,7.0
6741,8.0
6742,6.0
6743,8.0
6744,7.0
6745,6.0
6746,7.0
6747,7.0
6748,7.0
6749,7.0
6750,7.0
6751,8.0
6752,8.0
6753,7.0
6754,7.0
6755,7.0
6756,7.0
6757,8.0
6758,7.0
6759,8.0
6760,6.0
6761,7.0
6762,7.0
6763,8.0
6764,7.0
6765,7.0
6766,7.0
6767,8.0
6768,8.0
6769,6.0
6770,6.0
6771,7.0
6772,7.0
6773,7.0
6774,7.0
6775,7.0
6776,6.0
6777,6.0
6778,7.0
6779,8.0
6780,7.0
6781,7.0
6782,7.0
6783,7.0
6784,7.0
6785,8.0
6786,8.0
6787,6.0
6788,7.0
6789,7.0
6790,5.0
6791,8.0
6792,6.0
6793,7.0
6794,8.0
6795,8.0
6796,7.0
6797,5.0
6798,7.0
6799,7.0
6800,8.0
6801,8.0
6802,7.0
6803,8.0
6804,6.0
6805,6.0
6806,7.0
6807,8.0
6808,7.0
6809,6.0
6810,7.0
6811,7.0
6812,7.0
6813,7.0
6814,7.0
6815,7.0
6816,8.0
6817,7.0
6818,7.0
6819,8.0
6820,7.0
6821,7.0
6822,7.0
6823,7.0
6824,8.0
6825,8.0
6826,7.0
6827,8.0
6828,7.0
6829,7.0
6830,8.0
6831,7.0
6832,7.0
6833,7.0
6834,7.0
6835,7.0
6836,7.0
6837,8.0
6838,7.0
6839,9.0
6840,7.0
6841,8.0
6842,7.0
6843,7.0
6844,7.0
6845,5.0
6846,7.0
6847,7.0
6848,6.0
6849,6.0
6850,6.0
6851,7.0
6852,7.0
6853,8.0
6854,8.0
6855,8.0
6856,7.0
6857,7.0
6858,7.0
6859,7.0
6860,8.0
6861,7.0
6862,6.0
6863,7.0
6864,7.0
6865,7.0
6866,7.0
6867,7.0
6868,7.0
6869,7.0
6870,6.0
6871,7.0
6872,7.0
6873,7.0
6874,7.0
6875,8.0
6876,7.0
6877,8.0
6878,7.0
6879,6.0
6880,6.0
6881,8.0
6882,7.0
6883,6.0
6884,7.0
6885,8.0
6886,7.0
6887,7.0
6888,6.0
6889,7.0
6890,7.0
6891,6.0
6892,8.0
6893,6.0
6894,7.0
6895,7.0
6896,7.0
6897,8.0
6898,8.0
6899,7.0
6900,7.0
6901,6.0
6902,7.0
6903,7.0
6904,9.0
6905,6.0
6906,8.0
6907,7.0
6908,6.0
6909,8.0
6910,7.0
6911,6.0
6912,7.0
6913,7.0
6914,7.0
6915,8.0
6916,7.0
6917,8.0
6918,8.0
6919,7.0
6920,7.0
6921,8.0
6922,7.0
6923,6.0
6924,8.0
6925,7.0
6926,8.0
6927,7.0
6928,7.0
6929,7.0
6930,7.0
6931,7.0
6932,8.0
6933,8.0
6934,7.0
6935,8.0
6936,8.0
6937,9.0
6938,8.0
6939,7.0
6940,6.0
6941,7.0
6942,8.0
6943,8.0
6944,6.0
6945,7.0
6946,7.0
6947,7.0
6948,8.0
6949,8.0
6950,7.0
6951,7.0
6952,7.0
6953,7.0
6954,6.0
6955,6.0
6956,7.0
6957,6.0
6958,8.0
6959,6.0
6960,8.0
6961,7.0
6962,7.0
6963,7.0
6964,7.0
6965,7.0
6966,8.0
6967,7.0
6968,8.0
6969,8.0
6970,8.0
6971,7.0
6972,7.0
6973,7.0
6974,7.0
6975,6.0
6976,7.0
6977,7.0
6978,7.0
6979,6.0
6980,6.0
6981,8.0
6982,7.0
6983,7.0
6984,8.0
6985,7.0
6986,7.0
6987,7.0
6988,7.0
6989,8.0
6990,6.0
6991,8.0
6992,8.0
6993,7.0
6994,7.0
6995,7.0
6996,7.0
6997,8.0
6998,7.0
6999,8.0
7000,7.0
7001,7.0
7002,7.0
7003,7.0
7004,7.0
7005,6.0
7006,7.0
7007,8.0
7008,7.0
7009,7.0
7010,7.0
7011,7.0
7012,6.0
7013,8.0
7014,7.0
7015,8.0
7016,8.0
7017,6.0
7018,7.0
7019,6.0
7020,8.0
7021,8.0
7022,6.0
7023,7.0
7024,8.0
7025,8.0
7026,7.0
7027,6.0
7028,7.0
7029,8.0
7030,7.0
7031,7.0
7032,7.0
7033,8.0
7034,6.0
7035,7.0
7036,7.0
7037,8.0
7038,6.0
7039,7.0
7040,7.0
7041,8.0
7042,7.0
7043,8.0
7044,6.0
7045,7.0
7046,7.0
7047,7.0
7048,7.0
7049,7.0
7050,8.0
7051,8.0
7052,8.0
7053,7.0
7054,7.0
7055,7.0
7056,8.0
7057,6.0
7058,6.0
7059,7.0
7060,7.0
7061,7.0
7062,7.0
7063,7.0
7064,7.0
7065,6.0
7066,7.0
7067,8.0
7068,7.0
7069,6.0
7070,7.0
7071,8.0
7072,7.0
7073,8.0
7074,7.0
7075,6.0
7076,8.0
7077,7.0
7078,6.0
7079,7.0
7080,8.0
7081,8.0
7082,8.0
7083,7.0
7084,8.0
7085,7.0
7086,7.0
7087,7.0
7088,6.0
7089,6.0
7090,8.0
7091,7.0
7092,8.0
7093,8.0
7094,6.0
7095,7.0
7096,7.0
7097,7.0
7098,8.0
7099,7.0
7100,7.0
7101,8.0
7102,7.0
7103,8.0
7104,7.0
7105,8.0
7106,8.0
7107,8.0
7108,7.0
7109,8.0
7110,8.0
7111,7.0
7112,8.0
7113,8.0
7114,6.0
7115,7.0
7116,8.0
7117,8.0
7118,7.0
7119,7.0
7120,8.0
7121,7.0
7122,6.0
7123,7.0
7124,7.0
7125,7.0
7126,6.0
7127,8.0
7128,7.0
7129,8.0
7130,8.0
7131,7.0
7132,7.0
7133,7.0
7134,8.0
7135,7.0
7136,8.0
7137,7.0
7138,6.0
7139,6.0
7140,7.0
7141,8.0
7142,7.0
7143,7.0
7144,6.0
7145,8.0
7146,7.0
7147,7.0
7148,7.0
7149,6.0
7150,7.0
7151,8.0
7152,7.0
7153,8.0
7154,8.0
7155,7.0
7156,7.0
7157,6.0
7158,8.0
7159,7.0
7160,9.0
7161,6.0
7162,7.0
7163,8.0
7164,7.0
7165,7.0
7166,7.0
7167,7.0
7168,6.0
7169,7.0
7170,6.0
7171,7.0
7172,7.0
7173,8.0
7174,6.0
7175,7.0
7176,8.0
7177,7.0
7178,7.0
7179,5.0
7180,6.0
7181,7.0
7182,7.0
7183,7.0
7184,6.0
7185,6.0
7186,7.0
7187,7.0
7188,8.0
7189,7.0
7190,8.0
7191,8.0
7192,7.0
7193,8.0
7194,7.0
7195,7.0
7196,8.0
7197,8.0
7198,7.0
7199,7.0
7200,6.0
7201,7.0
7202,7.0
7203,6.0
7204,7.0
7205,7.0
7206,7.0
7207,7.0
7208,7.0
7209,7.0
7210,8.0
7211,7.0
7212,6.0
7213,8.0
7214,6.0
7215,8.0
7216,7.0
7217,7.0
7218,7.0
7219,7.0
7220,7.0
7221,7.0
7222,8.0
7223,6.0
7224,7.0
7225,8.0
7226,7.0
7227,8.0
7228,8.0
7229,8.0
7230,7.0
7231,6.0
7232,6.0
7233,7.0
7234,7.0
7235,7.0
7236,8.0
7237,8.0
7238,6.0
7239,7.0
7240,7.0
7241,7.0
7242,7.0
7243,8.0
7244,7.0
7245,7.0
7246,6.0
7247,7.0
7248,7.0
7249,7.0
7250,7.0
7251,8.0
7252,8.0
7253,8.0
7254,6.0
7255,7.0
7256,7.0
7257,7.0
7258,8.0
7259,7.0
7260,7.0
7261,8.0
7262,8.0
7263,8.0
7264,8.0
7265,7.0
7266,8.0
7267,7.0
7268,7.0
7269,7.0
7270,7.0
7271,7.0
7272,7.0
7273,6.0
7274,8.0
7275,7.0
7276,7.0
7277,8.0
7278,7.0
7279,9.0
7280,8.0
7281,6.0
7282,6.0
7283,8.0
7284,8.0
7285,8.0
7286,8.0
7287,6.0
7288,8.0
7289,6.0
7290,8.0
7291,7.0
7292,7.0
7293,6.0
7294,7.0
7295,6.0
7296,6.0
7297,8.0
7298,6.0
7299,6.0
7300,8.0
7301,7.0
7302,7.0
7303,6.0
7304,7.0
7305,8.0
7306,8.0
7307,6.0
7308,8.0
7309,7.0
7310,7.0
7311,7.0
7312,8.0
7313,7.0
7314,7.0
7315,8.0
7316,8.0
7317,7.0
7318,7.0
7319,7.0
7320,6.0
7321,6.0
7322,8.0
7323,8.0
7324,7.0
7325,6.0
7326,6.0
7327,9.0
7328,8.0
7329,7.0
7330,7.0
7331,7.0
7332,8.0
7333,6.0
7334,7.0
7335,7.0
7336,7.0
7337,8.0
7338,7.0
7339,8.0
7340,7.0
7341,7.0
7342,7.0
7343,7.0
7344,8.0
7345,7.0
7346,7.0
7347,7.0
7348,7.0
7349,6.0
7350,8.0
7351,7.0
7352,6.0
7353,6.0
7354,8.0
7355,6.0
7356,8.0
7357,6.0
7358,8.0
7359,8.0
7360,6.0
7361,7.0
7362,7.0
7363,7.0
7364,7.0
7365,6.0
7366,7.0
7367,7.0
7368,8.0
7369,7.0
7370,7.0
7371,7.0
7372,7.0
7373,8.0
7374,9.0
7375,7.0
7376,7.0
7377,8.0
7378,9.0
7379,7.0
7380,7.0
7381,6.0
7382,7.0
7383,7.0
7384,8.0
7385,7.0
7386,7.0
7387,8.0
7388,8.0
7389,6.0
7390,8.0
7391,7.0
7392,7.0
7393,6.0
7394,7.0
7395,7.0
7396,8.0
7397,7.0
7398,7.0
7399,6.0
7400,9.0
7401,8.0
7402,8.0
7403,8.0
7404,7.0
7405,9.0
7406,5.0
7407,7.0
7408,7.0
7409,7.0
7410,6.0
7411,8.0
7412,8.0
7413,6.0
7414,7.0
7415,7.0
7416,7.0
7417,7.0
7418,6.0
7419,7.0
7420,7.0
7421,6.0
7422,7.0
7423,7.0
7424,7.0
7425,7.0
7426,7.0
7427,7.0
7428,6.0
7429,7.0
7430,6.0
7431,5.0
7432,7.0
7433,7.0
7434,6.0
7435,6.0
7436,9.0
7437,6.0
7438,9.0
7439,7.0
7440,7.0
7441,7.0
7442,7.0
7443,6.0
7444,8.0
7445,7.0
7446,7.0
7447,8.0
7448,8.0
7449,8.0
7450,6.0
7451,7.0
7452,7.0
7453,7.0
7454,7.0
7455,8.0
7456,8.0
7457,7.0
7458,7.0
7459,7.0
7460,8.0
7461,6.0
7462,8.0
7463,7.0
7464,8.0
7465,7.0
7466,7.0
7467,7.0
7468,7.0
7469,7.0
7470,7.0
7471,6.0
7472,7.0
7473,7.0
7474,7.0
7475,7.0
7476,6.0
7477,8.0
7478,6.0
7479,7.0
7480,7.0
7481,7.0
7482,7.0
7483,6.0
7484,7.0
7485,7.0
7486,6.0
7487,7.0
7488,8.0
7489,8.0
7490,7.0
7491,6.0
7492,7.0
7493,7.0
7494,7.0
7495,7.0
7496,8.0
7497,6.0
7498,7.0
7499,7.0
7500,7.0
7501,7.0
7502,7.0
7503,7.0
7504,7.0
7505,8.0
7506,8.0
7507,6.0
7508,8.0
7509,8.0
7510,6.0
7511,7.0
7512,8.0
7513,7.0
7514,7.0
7515,8.0
7516,7.0
7517,7.0
7518,8.0
7519,8.0
7520,7.0
7521,7.0
7522,7.0
7523,6.0
7524,7.0
7525,7.0
7526,8.0
7527,7.0
7528,7.0
7529,7.0
7530,6.0
7531,6.0
7532,8.0
7533,6.0
7534,6.0
7535,8.0
7536,7.0
7537,7.0
7538,7.0
7539,8.0
7540,7.0
7541,8.0
7542,8.0
7543,7.0
7544,7.0
7545,6.0
7546,7.0
7547,6.0
7548,8.0
7549,8.0
7550,7.0
7551,6.0
7552,8.0
7553,7.0
7554,7.0
7555,7.0
7556,8.0
7557,7.0
7558,7.0
7559,8.0
7560,6.0
7561,7.0
7562,8.0
7563,7.0
7564,8.0
7565,8.0
7566,7.0
7567,7.0
7568,7.0
7569,7.0
7570,8.0
7571,6.0
7572,7.0
7573,7.0
7574,8.0
7575,6.0
7576,7.0
7577,8.0
7578,8.0
7579,8.0
7580,6.0
7581,6.0
7582,8.0
7583,7.0
7584,7.0
7585,6.0
7586,7.0
7587,8.0
7588,8.0
7589,7.0
7590,7.0
7591,8.0
7592,7.0
7593,8.0
7594,7.0
7595,6.0
7596,7.0
7597,6.0
7598,6.0
7599,8.0
7600,7.0
7601,8.0
7602,8.0
7603,6.0
7604,8.0
7605,8.0
7606,8.0
7607,6.0
7608,8.0
7609,7.0
7610,6.0
7611,7.0
7612,6.0
7613,8.0
7614,8.0
7615,8.0
7616,8.0
7617,7.0
7618,8.0
7619,6.0
7620,7.0
7621,8.0
7622,8.0
7623,7.0
7624,7.0
7625,8.0
7626,7.0
7627,6.0
7628,8.0
7629,8.0
7630,7.0
7631,7.0
7632,8.0
7633,8.0
7634,8.0
7635,7.0
7636,7.0
7637,8.0
7638,8.0
7639,8.0
7640,8.0
7641,8.0
7642,7.0
7643,9.0
7644,7.0
7645,6.0
7646,7.0
7647,7.0
7648,7.0
7649,8.0
7650,8.0
7651,7.0
7652,5.0
7653,7.0
7654,8.0
7655,8.0
7656,7.0
7657,7.0
7658,8.0
7659,8.0
7660,8.0
7661,7.0
7662,7.0
7663,9.0
7664,7.0
7665,7.0
7666,8.0
7667,8.0
7668,7.0
7669,7.0
7670,8.0
7671,6.0
7672,7.0
7673,7.0
7674,9.0
7675,8.0
7676,7.0
7677,8.0
7678,8.0
7679,7.0
7680,8.0
7681,8.0
7682,6.0
7683,7.0
7684,7.0
7685,7.0
7686,7.0
7687,8.0
7688,8.0
7689,7.0
7690,8.0
7691,7.0
7692,7.0
7693,8.0
7694,7.0
7695,6.0
7696,8.0
7697,7.0
7698,7.0
7699,9.0
7700,7.0
7701,6.0
7702,8.0
7703,6.0
7704,7.0
7705,7.0
7706,7.0
7707,7.0
7708,6.0
7709,6.0
7710,7.0
7711,7.0
7712,8.0
7713,7.0
7714,7.0
7715,7.0
7716,7.0
7717,7.0
7718,7.0
7719,8.0
7720,8.0
7721,8.0
7722,6.0
7723,7.0
7724,6.0
7725,8.0
7726,7.0
7727,7.0
7728,7.0
7729,7.0
7730,8.0
7731,9.0
7732,7.0
7733,7.0
7734,8.0
7735,8.0
7736,7.0
7737,8.0
7738,8.0
7739,8.0
7740,7.0
7741,8.0
7742,7.0
7743,7.0
7744,8.0
7745,7.0
7746,5.0
7747,8.0
7748,7.0
7749,7.0
7750,7.0
7751,6.0
7752,8.0
7753,7.0
7754,7.0
7755,8.0
7756,6.0
7757,8.0
7758,7.0
7759,6.0
7760,8.0
7761,7.0
7762,8.0
7763,8.0
7764,7.0
7765,7.0
7766,7.0
7767,8.0
7768,7.0
7769,8.0
7770,7.0
7771,8.0
7772,7.0
7773,6.0
7774,7.0
7775,7.0
7776,7.0
7777,6.0
7778,7.0
7779,7.0
7780,7.0
7781,8.0
7782,8.0
7783,6.0
7784,6.0
7785,8.0
7786,7.0
7787,8.0
7788,7.0
7789,7.0
7790,7.0
7791,7.0
7792,7.0
7793,7.0
7794,8.0
7795,8.0
7796,7.0
7797,8.0
7798,7.0
7799,8.0
7800,7.0
7801,8.0
7802,7.0
7803,7.0
7804,7.0
7805,6.0
7806,6.0
7807,7.0
7808,7.0
7809,6.0
7810,7.0
7811,6.0
7812,7.0
7813,7.0
7814,8.0
7815,7.0
7816,7.0
7817,6.0
7818,8.0
7819,7.0
7820,8.0
7821,7.0
7822,8.0
7823,8.0
7824,7.0
7825,8.0
7826,7.0
7827,8.0
7828,7.0
7829,8.0
7830,8.0
7831,6.0
7832,7.0
7833,8.0
7834,7.0
7835,7.0
7836,6.0
7837,8.0
7838,6.0
7839,8.0
7840,7.0
7841,8.0
7842,6.0
7843,7.0
7844,8.0
7845,6.0
7846,8.0
7847,8.0
7848,7.0
7849,6.0
7850,8.0
7851,7.0
7852,6.0
7853,9.0
7854,8.0
7855,7.0
7856,7.0
7857,8.0
7858,8.0
7859,7.0
7860,6.0
7861,8.0
7862,7.0
7863,6.0
7864,8.0
7865,8.0
7866,6.0
7867,7.0
7868,7.0
7869,6.0
7870,7.0
7871,7.0
7872,7.0
7873,6.0
7874,8.0
7875,7.0
7876,8.0
7877,7.0
7878,7.0
7879,6.0
7880,7.0
7881,7.0
7882,7.0
7883,8.0
7884,8.0
7885,8.0
7886,7.0
7887,8.0
7888,7.0
7889,8.0
7890,8.0
7891,7.0
7892,6.0
7893,8.0
7894,7.0
7895,7.0
7896,7.0
7897,6.0
7898,7.0
7899,7.0
7900,7.0
7901,8.0
7902,6.0
7903,7.0
7904,8.0
7905,8.0
7906,8.0
7907,7.0
7908,8.0
7909,7.0
7910,7.0
7911,6.0
7912,7.0
7913,8.0
7914,7.0
7915,9.0
7916,8.0
7917,8.0
7918,6.0
7919,8.0
7920,8.0
7921,9.0
7922,8.0
7923,8.0
7924,8.0
7925,8.0
7926,7.0
7927,7.0
7928,6.0
7929,7.0
7930,7.0
7931,7.0
7932,6.0
7933,7.0
7934,8.0
7935,6.0
7936,7.0
7937,7.0
7938,8.0
7939,7.0
7940,7.0
7941,7.0
7942,7.0
7943,8.0
7944,7.0
7945,6.0
7946,8.0
7947,6.0
7948,7.0
7949,6.0
7950,7.0
7951,7.0
7952,7.0
7953,7.0
7954,7.0
7955,6.0
7956,7.0
7957,7.0
7958,8.0
7959,7.0
7960,7.0
7961,6.0
7962,8.0
7963,8.0
7964,8.0
7965,8.0
7966,7.0
7967,8.0
7968,7.0
7969,7.0
7970,7.0
7971,8.0
7972,7.0
7973,6.0
7974,7.0
7975,7.0
7976,8.0
7977,6.0
7978,8.0
7979,8.0
7980,8.0
7981,7.0
7982,7.0
7983,6.0
7984,8.0
7985,7.0
7986,6.0
7987,7.0
7988,7.0
7989,8.0
7990,7.0
7991,7.0
7992,8.0
7993,8.0
7994,7.0
7995,7.0
7996,7.0
7997,8.0
7998,8.0
7999,7.0
8000,7.0
8001,8.0
8002,8.0
8003,9.0
8004,9.0
8005,7.0
8006,9.0
8007,7.0
8008,7.0
8009,7.0
8010,8.0
8011,7.0
8012,6.0
8013,8.0
8014,7.0
8015,9.0
8016,7.0
8017,7.0
8018,7.0
8019,7.0
8020,7.0
8021,7.0
8022,6.0
8023,6.0
8024,8.0
8025,7.0
8026,8.0
8027,8.0
8028,6.0
8029,8.0
8030,7.0
8031,7.0
8032,8.0
8033,8.0
8034,8.0
8035,7.0
8036,7.0
8037,7.0
8038,8.0
8039,6.0
8040,7.0
8041,7.0
8042,7.0
8043,8.0
8044,7.0
8045,7.0
8046,6.0
8047,8.0
8048,6.0
8049,7.0
8050,7.0
8051,6.0
8052,7.0
8053,6.0
8054,6.0
8055,6.0
8056,7.0
8057,7.0
8058,7.0
8059,7.0
8060,6.0
8061,7.0
8062,6.0
8063,9.0
8064,9.0
8065,7.0
8066,8.0
8067,7.0
8068,8.0
8069,8.0
8070,7.0
8071,6.0
8072,7.0
8073,7.0
8074,8.0
8075,7.0
8076,7.0
8077,8.0
8078,7.0
8079,7.0
8080,7.0
8081,6.0
8082,8.0
8083,8.0
8084,7.0
8085,7.0
8086,6.0
8087,7.0
8088,7.0
8089,6.0
8090,6.0
8091,8.0
8092,8.0
8093,8.0
8094,6.0
8095,8.0
8096,7.0
8097,7.0
8098,7.0
8099,7.0
8100,7.0
8101,8.0
8102,7.0
8103,7.0
8104,6.0
8105,7.0
8106,6.0
8107,7.0
8108,7.0
8109,8.0
8110,7.0
8111,7.0
8112,7.0
8113,8.0
8114,6.0
8115,6.0
8116,7.0
8117,8.0
8118,7.0
8119,6.0
8120,6.0
8121,8.0
8122,7.0
8123,6.0
8124,7.0
8125,7.0
8126,7.0
8127,6.0
8128,7.0
8129,8.0
8130,8.0
8131,7.0
8132,7.0
8133,7.0
8134,8.0
8135,7.0
8136,7.0
8137,6.0
8138,8.0
8139,8.0
8140,8.0
8141,7.0
8142,7.0
8143,8.0
8144,7.0
8145,7.0
8146,7.0
8147,8.0
8148,8.0
8149,7.0
8150,7.0
8151,7.0
8152,8.0
8153,6.0
8154,7.0
8155,8.0
8156,8.0
8157,8.0
8158,6.0
8159,7.0
8160,7.0
8161,7.0
8162,6.0
8163,6.0
8164,8.0
8165,7.0
8166,7.0
8167,8.0
8168,7.0
8169,7.0
8170,7.0
8171,8.0
8172,7.0
8173,7.0
8174,6.0
8175,6.0
8176,6.0
8177,7.0
8178,8.0
8179,7.0
8180,7.0
8181,8.0
8182,7.0
8183,6.0
8184,6.0
8185,6.0
8186,7.0
8187,6.0
8188,8.0
8189,7.0
8190,8.0
8191,7.0
8192,8.0
8193,8.0
8194,7.0
8195,8.0
8196,6.0
8197,7.0
8198,7.0
8199,8.0
8200,7.0
8201,6.0
8202,6.0
8203,9.0
8204,7.0
8205,6.0
8206,6.0
8207,8.0
8208,8.0
8209,8.0
8210,7.0
8211,8.0
8212,7.0
8213,7.0
8214,7.0
8215,7.0
8216,7.0
8217,6.0
8218,6.0
8219,7.0
8220,8.0
8221,7.0
8222,8.0
8223,8.0
8224,8.0
8225,6.0
8226,8.0
8227,7.0
8228,7.0
8229,7.0
8230,8.0
8231,7.0
8232,7.0
8233,8.0
8234,7.0
8235,7.0
8236,7.0
8237,6.0
8238,8.0
8239,8.0
8240,6.0
8241,6.0
8242,7.0
8243,7.0
8244,7.0
8245,8.0
8246,8.0
8247,7.0
8248,7.0
8249,8.0
8250,7.0
8251,7.0
8252,7.0
8253,7.0
8254,7.0
8255,7.0
8256,7.0
8257,7.0
8258,7.0
8259,7.0
8260,7.0
8261,7.0
8262,8.0
8263,6.0
8264,6.0
8265,7.0
8266,8.0
8267,6.0
8268,7.0
8269,8.0
8270,7.0
8271,8.0
8272,8.0
8273,7.0
8274,8.0
8275,7.0
8276,8.0
8277,7.0
8278,7.0
8279,8.0
8280,6.0
8281,7.0
8282,7.0
8283,8.0
8284,6.0
8285,7.0
8286,8.0
8287,8.0
8288,7.0
8289,6.0
8290,8.0
8291,7.0
8292,7.0
8293,7.0
8294,8.0
8295,7.0
8296,7.0
8297,7.0
8298,7.0
8299,8.0
8300,7.0
8301,7.0
8302,7.0
8303,8.0
8304,8.0
8305,7.0
8306,7.0
8307,7.0
8308,7.0
8309,6.0
8310,7.0
8311,7.0
8312,7.0
8313,7.0
8314,7.0
8315,7.0
8316,6.0
8317,7.0
8318,7.0
8319,7.0
8320,7.0
8321,7.0
8322,7.0
8323,6.0
8324,7.0
8325,8.0
8326,7.0
8327,7.0
8328,7.0
8329,7.0
8330,7.0
8331,7.0
8332,7.0
8333,8.0
8334,7.0
8335,6.0
8336,8.0
8337,7.0
8338,7.0
8339,8.0
8340,7.0
8341,6.0
8342,7.0
8343,7.0
8344,6.0
8345,7.0
8346,6.0
8347,7.0
8348,7.0
8349,8.0
8350,7.0
8351,6.0
8352,7.0
8353,7.0
8354,6.0
8355,7.0
8356,7.0
8357,8.0
8358,8.0
8359,8.0
8360,7.0
8361,7.0
8362,7.0
8363,8.0
8364,7.0
8365,8.0
8366,7.0
8367,8.0
8368,8.0
8369,7.0
8370,6.0
8371,8.0
8372,8.0
8373,6.0
8374,8.0
8375,7.0
8376,8.0
8377,7.0
8378,6.0
8379,7.0
8380,7.0
8381,8.0
8382,8.0
8383,8.0
8384,7.0
8385,6.0
8386,8.0
8387,7.0
8388,8.0
8389,7.0
8390,7.0
8391,6.0
8392,8.0
8393,7.0
8394,7.0
8395,6.0
8396,7.0
8397,6.0
8398,7.0
8399,8.0
8400,7.0
8401,7.0
8402,8.0
8403,7.0
8404,6.0
8405,7.0
8406,7.0
8407,7.0
8408,7.0
8409,8.0
8410,7.0
8411,7.0
8412,7.0
8413,7.0
8414,6.0
8415,7.0
8416,8.0
8417,6.0
8418,6.0
8419,7.0
8420,8.0
8421,8.0
8422,8.0
8423,7.0
8424,8.0
8425,8.0
8426,8.0
8427,7.0
8428,7.0
8429,7.0
8430,8.0
8431,7.0
8432,8.0
8433,6.0
8434,7.0
8435,7.0
8436,8.0
8437,7.0
8438,8.0
8439,8.0
8440,7.0
8441,7.0
8442,6.0
8443,6.0
8444,8.0
8445,7.0
8446,8.0
8447,7.0
8448,6.0
8449,7.0
8450,6.0
8451,7.0
8452,7.0
8453,8.0
8454,7.0
8455,8.0
8456,7.0
8457,7.0
8458,8.0
8459,6.0
8460,8.0
8461,8.0
8462,5.0
8463,7.0
8464,7.0
8465,8.0
8466,8.0
8467,7.0
8468,8.0
8469,8.0
8470,6.0
8471,7.0
8472,8.0
8473,6.0
8474,8.0
8475,7.0
8476,6.0
8477,7.0
8478,7.0
8479,7.0
8480,8.0
8481,7.0
8482,7.0
8483,7.0
8484,8.0
8485,7.0
8486,8.0
8487,7.0
8488,6.0
8489,6.0
8490,7.0
8491,7.0
8492,7.0
8493,7.0
8494,7.0
8495,7.0
8496,8.0
8497,7.0
8498,8.0
8499,8.0
8500,6.0
8501,7.0
8502,8.0
8503,6.0
8504,7.0
8505,7.0
8506,7.0
8507,7.0
8508,7.0
8509,8.0
8510,7.0
8511,7.0
8512,7.0
8513,7.0
8514,8.0
8515,7.0
8516,6.0
8517,8.0
8518,7.0
8519,6.0
8520,7.0
8521,8.0
8522,8.0
8523,6.0
8524,8.0
8525,7.0
8526,7.0
8527,7.0
8528,7.0
8529,7.0
8530,9.0
8531,7.0
8532,7.0
8533,7.0
8534,7.0
8535,8.0
8536,7.0
8537,7.0
8538,7.0
8539,8.0
8540,7.0
8541,7.0
8542,7.0
8543,8.0
8544,8.0
8545,7.0
8546,7.0
8547,7.0
8548,8.0
8549,7.0
8550,6.0
8551,8.0
8552,7.0
8553,7.0
8554,7.0
8555,7.0
8556,7.0
8557,6.0
8558,8.0
8559,6.0
8560,6.0
8561,6.0
8562,8.0
8563,7.0
8564,7.0
8565,8.0
8566,7.0
8567,9.0
8568,6.0
8569,7.0
8570,7.0
8571,7.0
8572,7.0
8573,7.0
8574,8.0
8575,7.0
8576,7.0
8577,6.0
8578,8.0
8579,8.0
8580,8.0
8581,8.0
8582,6.0
8583,8.0
8584,6.0
8585,7.0
8586,6.0
8587,6.0
8588,8.0
8589,7.0
8590,6.0
8591,8.0
8592,8.0
8593,7.0
8594,7.0
8595,7.0
8596,8.0
8597,8.0
8598,7.0
8599,6.0
8600,8.0
8601,6.0
8602,7.0
8603,7.0
8604,9.0
8605,6.0
8606,8.0
8607,6.0
8608,7.0
8609,8.0
8610,7.0
8611,6.0
8612,8.0
8613,6.0
8614,8.0
8615,8.0
8616,6.0
8617,8.0
8618,7.0
8619,8.0
8620,7.0
8621,8.0
8622,8.0
8623,7.0
8624,7.0
8625,7.0
8626,7.0
8627,7.0
8628,8.0
8629,7.0
8630,6.0
8631,8.0
8632,7.0
8633,9.0
8634,7.0
8635,7.0
8636,8.0
8637,6.0
8638,7.0
8639,6.0
8640,7.0
8641,6.0
8642,6.0
8643,6.0
8644,7.0
8645,7.0
8646,7.0
8647,8.0
8648,8.0
8649,7.0
8650,7.0
8651,9.0
8652,7.0
8653,5.0
8654,7.0
8655,7.0
8656,8.0
8657,8.0
8658,9.0
8659,8.0
8660,7.0
8661,7.0
8662,8.0
8663,6.0
8664,7.0
8665,7.0
8666,7.0
8667,6.0
8668,8.0
8669,7.0
8670,7.0
8671,8.0
8672,8.0
8673,7.0
8674,8.0
8675,6.0
8676,8.0
8677,7.0
8678,6.0
8679,8.0
8680,8.0
8681,7.0
8682,7.0
8683,7.0
8684,9.0
8685,7.0
8686,9.0
8687,8.0
8688,6.0
8689,8.0
8690,7.0
8691,7.0
8692,7.0
8693,7.0
8694,8.0
8695,7.0
8696,7.0
8697,7.0
8698,9.0
8699,7.0
8700,7.0
8701,6.0
8702,7.0
8703,8.0
8704,8.0
8705,7.0
8706,7.0
8707,8.0
8708,6.0
8709,8.0
8710,7.0
8711,8.0
8712,8.0
8713,7.0
8714,7.0
8715,7.0
8716,8.0
8717,6.0
8718,7.0
8719,7.0
8720,6.0
8721,7.0
8722,7.0
8723,8.0
8724,6.0
8725,7.0
8726,7.0
8727,6.0
8728,8.0
8729,8.0
8730,7.0
8731,7.0
8732,6.0
8733,7.0
8734,6.0
8735,7.0
8736,7.0
8737,7.0
8738,6.0
8739,7.0
8740,7.0
8741,9.0
8742,8.0
8743,7.0
8744,7.0
8745,6.0
8746,7.0
8747,7.0
8748,8.0
8749,8.0
8750,6.0
8751,8.0
8752,7.0
8753,7.0
8754,8.0
8755,5.0
8756,7.0
8757,6.0
8758,8.0
8759,6.0
8760,7.0
8761,7.0
8762,7.0
8763,7.0
8764,7.0
8765,7.0
8766,8.0
8767,8.0
8768,6.0
8769,7.0
8770,6.0
8771,8.0
8772,8.0
8773,7.0
8774,7.0
8775,8.0
8776,7.0
8777,7.0
8778,7.0
8779,8.0
8780,8.0
8781,6.0
8782,8.0
8783,7.0
8784,8.0
8785,7.0
8786,7.0
8787,6.0
8788,7.0
8789,7.0
8790,7.0
8791,7.0
8792,8.0
8793,5.0
8794,8.0
8795,8.0
8796,7.0
8797,8.0
8798,6.0
8799,6.0
8800,7.0
8801,7.0
8802,8.0
8803,8.0
8804,7.0
8805,8.0
8806,7.0
8807,8.0
8808,6.0
8809,8.0
8810,6.0
8811,7.0
8812,8.0
8813,7.0
8814,8.0
8815,7.0
8816,6.0
8817,7.0
8818,6.0
8819,8.0
8820,7.0
8821,7.0
8822,8.0
8823,7.0
8824,8.0
8825,8.0
8826,8.0
8827,8.0
8828,8.0
8829,9.0
8830,7.0
8831,7.0
8832,6.0
8833,7.0
8834,7.0
8835,4.0
8836,8.0
8837,6.0
8838,8.0
8839,8.0
8840,7.0
8841,7.0
8842,8.0
8843,8.0
8844,7.0
8845,8.0
8846,7.0
8847,7.0
8848,7.0
8849,7.0
8850,7.0
8851,7.0
8852,7.0
8853,7.0
8854,8.0
8855,7.0
8856,6.0
8857,8.0
8858,8.0
8859,7.0
8860,6.0
8861,8.0
8862,6.0
8863,8.0
8864,7.0
8865,6.0
8866,8.0
8867,6.0
8868,7.0
8869,7.0
8870,8.0
8871,7.0
8872,7.0
8873,8.0
8874,8.0
8875,6.0
8876,7.0
8877,7.0
8878,7.0
8879,6.0
8880,7.0
8881,7.0
8882,6.0
8883,7.0
8884,7.0
8885,6.0
8886,8.0
8887,7.0
8888,8.0
8889,8.0
8890,7.0
8891,6.0
8892,8.0
8893,6.0
8894,7.0
8895,7.0
8896,7.0
8897,8.0
8898,8.0
8899,7.0
8900,7.0
8901,6.0
8902,6.0
8903,8.0
8904,8.0
8905,7.0
8906,9.0
8907,8.0
8908,8.0
8909,8.0
8910,8.0
8911,7.0
8912,6.0
8913,7.0
8914,5.0
8915,8.0
8916,7.0
8917,7.0
8918,8.0
8919,8.0
8920,6.0
8921,7.0
8922,8.0
8923,8.0
8924,7.0
8925,7.0
8926,8.0
8927,8.0
8928,7.0
8929,6.0
8930,7.0
8931,7.0
8932,8.0
8933,7.0
8934,7.0
8935,7.0
8936,7.0
8937,8.0
8938,6.0
8939,7.0
8940,8.0
8941,7.0
8942,6.0
8943,7.0
8944,7.0
8945,7.0
8946,7.0
8947,7.0
8948,7.0
8949,8.0
8950,8.0
8951,5.0
8952,7.0
8953,8.0
8954,8.0
8955,7.0
8956,8.0
8957,8.0
8958,7.0
8959,8.0
8960,8.0
8961,7.0
8962,7.0
8963,7.0
8964,8.0
8965,6.0
8966,6.0
8967,7.0
8968,7.0
8969,6.0
8970,6.0
8971,8.0
8972,7.0
8973,7.0
8974,6.0
8975,7.0
8976,7.0
8977,8.0
8978,9.0
8979,7.0
8980,8.0
8981,7.0
8982,8.0
8983,7.0
8984,8.0
8985,8.0
8986,7.0
8987,8.0
8988,7.0
8989,6.0
8990,8.0
8991,7.0
8992,8.0
8993,8.0
8994,7.0
8995,8.0
8996,7.0
8997,8.0
8998,7.0
8999,6.0
9000,7.0
9001,7.0
9002,6.0
9003,7.0
9004,8.0
9005,7.0
9006,8.0
9007,7.0
9008,7.0
9009,8.0
9010,8.0
9011,8.0
9012,8.0
9013,7.0
9014,7.0
9015,7.0
9016,7.0
9017,6.0
9018,7.0
9019,8.0
9020,7.0
9021,8.0
9022,6.0
9023,7.0
9024,6.0
9025,6.0
9026,8.0
9027,8.0
9028,7.0
9029,7.0
9030,7.0
9031,8.0
9032,7.0
9033,7.0
9034,6.0
9035,7.0
9036,7.0
9037,7.0
9038,8.0
9039,7.0
9040,8.0
9041,8.0
9042,8.0
9043,8.0
9044,7.0
9045,7.0
9046,8.0
9047,6.0
9048,8.0
9049,8.0
9050,8.0
9051,7.0
9052,7.0
9053,7.0
9054,8.0
9055,7.0
9056,8.0
9057,9.0
9058,7.0
9059,6.0
9060,7.0
9061,7.0
9062,8.0
9063,7.0
9064,6.0
9065,6.0
9066,7.0
9067,7.0
9068,8.0
9069,7.0
9070,6.0
9071,6.0
9072,7.0
9073,8.0
9074,7.0
9075,7.0
9076,8.0
9077,7.0
9078,7.0
9079,8.0
9080,8.0
9081,8.0
9082,6.0
9083,7.0
9084,6.0
9085,6.0
9086,8.0
9087,8.0
9088,6.0
9089,7.0
9090,6.0
9091,8.0
9092,7.0
9093,7.0
9094,7.0
9095,8.0
9096,8.0
9097,6.0
9098,7.0
9099,8.0
9100,7.0
9101,6.0
9102,8.0
9103,7.0
9104,7.0
9105,7.0
9106,9.0
9107,7.0
9108,7.0
9109,7.0
9110,8.0
9111,7.0
9112,6.0
9113,7.0
9114,8.0
9115,7.0
9116,7.0
9117,6.0
9118,7.0
9119,7.0
9120,8.0
9121,7.0
9122,7.0
9123,7.0
9124,7.0
9125,7.0
9126,8.0
9127,7.0
9128,8.0
9129,7.0
9130,8.0
9131,7.0
9132,8.0
9133,6.0
9134,8.0
9135,7.0
9136,7.0
9137,8.0
9138,6.0
9139,9.0
9140,7.0
9141,8.0
9142,6.0
9143,8.0
9144,7.0
9145,6.0
9146,7.0
9147,6.0
9148,7.0
9149,7.0
9150,7.0
9151,8.0
9152,7.0
9153,7.0
9154,6.0
9155,8.0
9156,8.0
9157,7.0
9158,6.0
9159,7.0
9160,7.0
9161,8.0
9162,7.0
9163,8.0
9164,8.0
9165,7.0
9166,8.0
9167,7.0
9168,7.0
9169,7.0
9170,8.0
9171,7.0
9172,8.0
9173,8.0
9174,7.0
9175,8.0
9176,7.0
9177,8.0
9178,8.0
9179,7.0
9180,8.0
9181,7.0
9182,8.0
9183,8.0
9184,7.0
9185,6.0
9186,8.0
9187,7.0
9188,7.0
9189,7.0
9190,7.0
9191,6.0
9192,7.0
9193,7.0
9194,7.0
9195,7.0
9196,8.0
9197,8.0
9198,6.0
9199,8.0
9200,8.0
9201,8.0
9202,8.0
9203,7.0
9204,8.0
9205,8.0
9206,7.0
9207,8.0
9208,8.0
9209,8.0
9210,7.0
9211,6.0
9212,7.0
9213,8.0
9214,7.0
9215,8.0
9216,8.0
9217,7.0
9218,6.0
9219,7.0
9220,7.0
9221,7.0
9222,7.0
9223,7.0
9224,7.0
9225,7.0
9226,7.0
9227,7.0
9228,8.0
9229,7.0
9230,7.0
9231,8.0
9232,9.0
9233,8.0
9234,8.0
9235,7.0
9236,7.0
9237,7.0
9238,6.0
9239,8.0
9240,7.0
9241,8.0
9242,6.0
9243,7.0
9244,8.0
9245,7.0
9246,7.0
9247,6.0
9248,7.0
9249,8.0
9250,7.0
9251,7.0
9252,6.0
9253,6.0
9254,7.0
9255,7.0
9256,8.0
9257,6.0
9258,6.0
9259,8.0
9260,7.0
9261,7.0
9262,7.0
9263,8.0
9264,7.0
9265,7.0
9266,6.0
9267,7.0
9268,6.0
9269,7.0
9270,7.0
9271,8.0
9272,7.0
9273,7.0
9274,7.0
9275,7.0
9276,7.0
9277,7.0
9278,7.0
9279,7.0
9280,6.0
9281,7.0
9282,7.0
9283,7.0
9284,8.0
9285,7.0
9286,7.0
9287,8.0
9288,8.0
9289,6.0
9290,9.0
9291,7.0
9292,7.0
9293,7.0
9294,7.0
9295,7.0
9296,8.0
9297,7.0
9298,6.0
9299,9.0
9300,8.0
9301,7.0
9302,7.0
9303,8.0
9304,7.0
9305,8.0
9306,8.0
9307,8.0
9308,7.0
9309,8.0
9310,7.0
9311,8.0
9312,8.0
9313,6.0
9314,8.0
9315,7.0
9316,7.0
9317,7.0
9318,7.0
9319,8.0
9320,8.0
9321,8.0
9322,7.0
9323,8.0
9324,8.0
9325,7.0
9326,7.0
9327,8.0
9328,7.0
9329,7.0
9330,7.0
9331,8.0
9332,7.0
9333,7.0
9334,8.0
9335,7.0
9336,8.0
9337,7.0
9338,7.0
9339,7.0
9340,7.0
9341,8.0
9342,8.0
9343,7.0
9344,7.0
9345,8.0
9346,8.0
9347,7.0
9348,8.0
9349,8.0
9350,7.0
9351,8.0
9352,7.0
9353,7.0
9354,6.0
9355,7.0
9356,8.0
9357,7.0
9358,7.0
9359,8.0
9360,7.0
9361,7.0
9362,7.0
9363,7.0
9364,8.0
9365,7.0
9366,8.0
9367,8.0
9368,8.0
9369,7.0
9370,6.0
9371,8.0
9372,7.0
9373,7.0
9374,8.0
9375,8.0
9376,7.0
9377,8.0
9378,6.0
9379,8.0
9380,7.0
9381,8.0
9382,7.0
9383,7.0
9384,8.0
9385,7.0
9386,8.0
9387,8.0
9388,7.0
9389,8.0
9390,7.0
9391,7.0
9392,7.0
9393,7.0
9394,8.0
9395,6.0
9396,7.0
9397,7.0
9398,9.0
9399,7.0
9400,9.0
9401,8.0
9402,7.0
9403,7.0
9404,8.0
9405,7.0
9406,7.0
9407,7.0
9408,8.0
9409,6.0
9410,6.0
9411,8.0
9412,9.0
9413,8.0
9414,7.0
9415,6.0
9416,8.0
9417,6.0
9418,8.0
9419,7.0
9420,8.0
9421,6.0
9422,8.0
9423,6.0
9424,8.0
9425,4.0
9426,7.0
9427,7.0
9428,7.0
9429,7.0
9430,7.0
9431,8.0
9432,8.0
9433,8.0
9434,7.0
9435,6.0
9436,7.0
9437,7.0
9438,6.0
9439,7.0
9440,8.0
9441,7.0
9442,8.0
9443,6.0
9444,8.0
9445,8.0
9446,7.0
9447,7.0
9448,6.0
9449,8.0
9450,7.0
9451,6.0
9452,6.0
9453,7.0
9454,7.0
9455,8.0
9456,7.0
9457,8.0
9458,7.0
9459,7.0
9460,7.0
9461,7.0
9462,6.0
9463,8.0
9464,8.0
9465,7.0
9466,9.0
9467,7.0
9468,8.0
9469,8.0
9470,8.0
9471,7.0
9472,8.0
9473,7.0
9474,6.0
9475,7.0
9476,8.0
9477,8.0
9478,8.0
9479,7.0
9480,7.0
9481,7.0
9482,8.0
9483,7.0
9484,8.0
9485,8.0
9486,6.0
9487,6.0
9488,8.0
9489,7.0
9490,7.0
9491,6.0
9492,7.0
9493,7.0
9494,8.0
9495,7.0
9496,9.0
9497,7.0
9498,7.0
9499,7.0
9500,7.0
9501,6.0
9502,7.0
9503,8.0
9504,7.0
9505,7.0
9506,8.0
9507,6.0
9508,7.0
9509,6.0
9510,6.0
9511,7.0
9512,7.0
9513,7.0
9514,7.0
9515,8.0
9516,8.0
9517,8.0
9518,7.0
9519,7.0
9520,7.0
9521,7.0
9522,7.0
9523,7.0
9524,8.0
9525,6.0
9526,7.0
9527,6.0
9528,8.0
9529,8.0
9530,7.0
9531,8.0
9532,8.0
9533,7.0
9534,7.0
9535,7.0
9536,7.0
9537,7.0
9538,6.0
9539,8.0
9540,7.0
9541,8.0
9542,8.0
9543,7.0
9544,7.0
9545,9.0
9546,6.0
9547,8.0
9548,7.0
9549,6.0
9550,7.0
9551,7.0
9552,7.0
9553,8.0
9554,7.0
9555,7.0
9556,7.0
9557,4.0
9558,7.0
9559,6.0
9560,7.0
9561,6.0
9562,7.0
9563,7.0
9564,7.0
9565,7.0
9566,7.0
9567,8.0
9568,8.0
9569,6.0
9570,7.0
9571,6.0
9572,7.0
9573,7.0
9574,6.0
9575,8.0
9576,7.0
9577,8.0
9578,7.0
9579,8.0
9580,7.0
9581,8.0
9582,8.0
9583,9.0
9584,7.0
9585,7.0
9586,8.0
9587,7.0
9588,7.0
9589,8.0
9590,7.0
9591,7.0
9592,9.0
9593,7.0
9594,7.0
9595,8.0
9596,7.0
9597,6.0
9598,7.0
9599,7.0
9600,6.0
9601,6.0
9602,7.0
9603,8.0
9604,6.0
9605,6.0
9606,7.0
9607,8.0
9608,6.0
9609,8.0
9610,9.0
9611,9.0
9612,7.0
9613,7.0
9614,6.0
9615,7.0
9616,8.0
9617,7.0
9618,6.0
9619,7.0
9620,8.0
9621,7.0
9622,6.0
9623,8.0
9624,7.0
9625,7.0
9626,7.0
9627,7.0
9628,8.0
9629,8.0
9630,7.0
9631,6.0
9632,7.0
9633,7.0
9634,6.0
9635,8.0
9636,5.0
9637,7.0
9638,7.0
9639,8.0
9640,7.0
9641,7.0
9642,7.0
9643,7.0
9644,7.0
9645,8.0
9646,6.0
9647,7.0
9648,7.0
9649,8.0
9650,7.0
9651,7.0
9652,7.0
9653,7.0
9654,8.0
9655,7.0
9656,5.0
9657,6.0
9658,8.0
9659,7.0
9660,7.0
9661,6.0
9662,7.0
9663,7.0
9664,8.0
9665,8.0
9666,6.0
9667,8.0
9668,6.0
9669,6.0
9670,7.0
9671,8.0
9672,6.0
9673,8.0
9674,8.0
9675,7.0
9676,6.0
9677,7.0
9678,7.0
9679,7.0
9680,7.0
9681,6.0
9682,7.0
9683,8.0
9684,8.0
9685,7.0
9686,7.0
9687,6.0
9688,6.0
9689,7.0
9690,8.0
9691,7.0
9692,8.0
9693,8.0
9694,8.0
9695,6.0
9696,7.0
9697,8.0
9698,8.0
9699,8.0
9700,7.0
9701,8.0
9702,8.0
9703,8.0
9704,7.0
9705,8.0
9706,8.0
9707,8.0
9708,7.0
9709,7.0
9710,8.0
9711,8.0
9712,7.0
9713,7.0
9714,6.0
9715,7.0
9716,9.0
9717,7.0
9718,6.0
9719,7.0
9720,6.0
9721,7.0
9722,8.0
9723,8.0
9724,8.0
9725,8.0
9726,8.0
9727,7.0
9728,8.0
9729,8.0
9730,8.0
9731,7.0
9732,6.0
9733,7.0
9734,8.0
9735,8.0
9736,8.0
9737,7.0
9738,7.0
9739,8.0
9740,8.0
9741,8.0
9742,7.0
9743,6.0
9744,8.0
9745,8.0
9746,8.0
9747,8.0
9748,7.0
9749,7.0
9750,7.0
9751,9.0
9752,8.0
9753,6.0
9754,8.0
9755,7.0
9756,8.0
9757,6.0
9758,7.0
9759,9.0
9760,7.0
9761,6.0
9762,7.0
9763,8.0
9764,7.0
9765,8.0
9766,6.0
9767,6.0
9768,6.0
9769,8.0
9770,6.0
9771,6.0
9772,7.0
9773,6.0
9774,7.0
9775,7.0
9776,6.0
9777,8.0
9778,8.0
9779,7.0
9780,7.0
9781,8.0
9782,8.0
9783,7.0
9784,7.0
9785,8.0
9786,7.0
9787,9.0
9788,8.0
9789,7.0
9790,5.0
9791,8.0
9792,8.0
9793,8.0
9794,8.0
9795,6.0
9796,7.0
9797,7.0
9798,8.0
9799,7.0
9800,6.0
9801,7.0
9802,7.0
9803,6.0
9804,6.0
9805,6.0
9806,7.0
9807,9.0
9808,7.0
9809,8.0
9810,6.0
9811,7.0
9812,6.0
9813,8.0
9814,6.0
9815,8.0
9816,7.0
9817,7.0
9818,7.0
9819,7.0
9820,8.0
9821,8.0
9822,7.0
9823,9.0
9824,7.0
9825,7.0
9826,6.0
9827,8.0
9828,7.0
9829,7.0
9830,7.0
9831,7.0
9832,8.0
9833,7.0
9834,6.0
9835,7.0
9836,8.0
9837,8.0
9838,8.0
9839,7.0
9840,6.0
9841,7.0
9842,8.0
9843,7.0
9844,7.0
9845,7.0
9846,8.0
9847,8.0
9848,7.0
9849,6.0
9850,7.0
9851,8.0
9852,7.0
9853,8.0
9854,6.0
9855,7.0
9856,7.0
9857,7.0
9858,6.0
9859,7.0
9860,8.0
9861,7.0
9862,8.0
9863,7.0
9864,7.0
9865,8.0
9866,8.0
9867,8.0
9868,6.0
9869,6.0
9870,8.0
9871,8.0
9872,7.0
9873,8.0
9874,7.0
9875,8.0
9876,8.0
9877,8.0
9878,9.0
9879,7.0
9880,7.0
9881,7.0
9882,7.0
9883,7.0
9884,7.0
9885,8.0
9886,7.0
9887,6.0
9888,7.0
9889,7.0
9890,7.0
9891,8.0
9892,6.0
9893,7.0
9894,6.0
9895,7.0
9896,6.0
9897,8.0
9898,7.0
9899,8.0
9900,8.0
9901,8.0
9902,8.0
9903,8.0
9904,8.0
9905,7.0
9906,7.0
9907,7.0
9908,7.0
9909,7.0
9910,8.0
9911,6.0
9912,8.0
9913,8.0
9914,8.0
9915,7.0
9916,7.0
9917,8.0
9918,7.0
9919,7.0
9920,8.0
9921,8.0
9922,7.0
9923,6.0
9924,7.0
9925,7.0
9926,8.0
9927,7.0
9928,7.0
9929,7.0
9930,7.0
9931,9.0
9932,7.0
9933,8.0
9934,8.0
9935,6.0
9936,8.0
9937,7.0
9938,7.0
9939,7.0
9940,7.0
9941,7.0
9942,7.0
9943,7.0
9944,7.0
9945,7.0
9946,7.0
9947,7.0
9948,7.0
9949,8.0
9950,8.0
9951,8.0
9952,7.0
9953,8.0
9954,7.0
9955,7.0
9956,8.0
9957,7.0
9958,7.0
9959,7.0
9960,7.0
9961,7.0
9962,9.0
9963,7.0
9964,8.0
9965,6.0
9966,6.0
9967,7.0
9968,8.0
9969,7.0
9970,8.0
9971,7.0
9972,6.0
9973,8.0
9974,7.0
9975,8.0
9976,7.0
9977,7.0
9978,7.0
9979,8.0
9980,6.0
9981,8.0
9982,6.0
9983,7.0
9984,6.0
9985,8.0
9986,8.0
9987,7.0
9988,6.0
9989,7.0
9990,7.0
9991,7.0
9992,8.0
9993,8.0
9994,8.0
9995,7.0
9996,6.0
9997,7.0
9998,8.0
9999,7.0
10000,7.0
10001,7.0
10002,6.0
10003,8.0
10004,8.0
10005,7.0
10006,8.0
10007,7.0
10008,7.0
10009,7.0
10010,7.0
10011,7.0
10012,7.0
10013,8.0
10014,7.0
10015,7.0
10016,7.0
10017,8.0
10018,7.0
10019,7.0
10020,7.0
10021,7.0
10022,7.0
10023,8.0
10024,7.0
10025,7.0
10026,6.0
10027,7.0
10028,7.0
10029,7.0
10030,6.0
10031,6.0
10032,7.0
10033,7.0
10034,7.0
10035,7.0
10036,7.0
10037,7.0
10038,7.0
10039,7.0
10040,8.0
10041,6.0
10042,8.0
10043,6.0
10044,6.0
10045,8.0
10046,7.0
10047,7.0
10048,7.0
10049,8.0
10050,7.0
10051,6.0
10052,8.0
10053,8.0
10054,7.0
10055,6.0
10056,7.0
10057,8.0
10058,9.0
10059,7.0
10060,8.0
10061,7.0
10062,6.0
10063,7.0
10064,8.0
10065,8.0
10066,9.0
10067,6.0
10068,8.0
10069,8.0
10070,7.0
10071,6.0
10072,7.0
10073,7.0
10074,6.0
10075,7.0
10076,8.0
10077,7.0
10078,7.0
10079,9.0
10080,8.0
10081,7.0
10082,8.0
10083,6.0
10084,7.0
10085,7.0
10086,7.0
10087,7.0
10088,8.0
10089,8.0
10090,6.0
10091,8.0
10092,9.0
10093,7.0
10094,7.0
10095,6.0
10096,7.0
10097,8.0
10098,7.0
10099,7.0
10100,7.0
10101,7.0
10102,7.0
10103,7.0
10104,7.0
10105,7.0
10106,7.0
10107,7.0
10108,6.0
10109,7.0
10110,8.0
10111,7.0
10112,8.0
10113,8.0
10114,7.0
10115,8.0
10116,7.0
10117,6.0
10118,8.0
10119,8.0
10120,9.0
10121,6.0
10122,7.0
10123,6.0
10124,7.0
10125,7.0
10126,6.0
10127,8.0
10128,7.0
10129,7.0
10130,7.0
10131,8.0
10132,7.0
10133,9.0
10134,6.0
10135,6.0
10136,7.0
10137,8.0
10138,7.0
10139,8.0
10140,7.0
10141,7.0
10142,7.0
10143,8.0
10144,8.0
10145,8.0
10146,7.0
10147,7.0
10148,6.0
10149,7.0
10150,8.0
10151,8.0
10152,8.0
10153,7.0
10154,8.0
10155,7.0
10156,7.0
10157,8.0
10158,8.0
10159,7.0
10160,7.0
10161,8.0
10162,7.0
10163,7.0
10164,7.0
10165,8.0
10166,7.0
10167,7.0
10168,7.0
10169,6.0
10170,7.0
10171,8.0
10172,7.0
10173,8.0
10174,7.0
10175,7.0
10176,6.0
10177,7.0
10178,7.0
10179,7.0
10180,7.0
10181,7.0
10182,7.0
10183,7.0
10184,7.0
10185,7.0
10186,7.0
10187,8.0
10188,7.0
10189,7.0
10190,8.0
10191,8.0
10192,7.0
10193,7.0
10194,6.0
10195,7.0
10196,7.0
10197,7.0
10198,8.0
10199,7.0
10200,8.0
10201,7.0
10202,9.0
10203,7.0
10204,8.0
10205,7.0
10206,8.0
10207,7.0
10208,7.0
10209,7.0
10210,7.0
10211,7.0
10212,7.0
10213,6.0
10214,7.0
10215,8.0
10216,6.0
10217,7.0
10218,8.0
10219,8.0
10220,7.0
10221,7.0
10222,8.0
10223,7.0
10224,6.0
10225,7.0
10226,6.0
10227,7.0
10228,7.0
10229,6.0
10230,8.0
10231,6.0
10232,8.0
10233,7.0
10234,8.0
10235,8.0
10236,7.0
10237,8.0
10238,6.0
10239,7.0
10240,7.0
10241,7.0
10242,8.0
10243,7.0
10244,7.0
10245,8.0
10246,7.0
10247,7.0
10248,5.0
10249,8.0
10250,7.0
10251,6.0
10252,7.0
10253,8.0
10254,8.0
10255,5.0
10256,7.0
10257,7.0
10258,6.0
10259,7.0
10260,8.0
10261,6.0
10262,8.0
10263,7.0
10264,6.0
10265,7.0
10266,6.0
10267,8.0
10268,7.0
10269,7.0
10270,5.0
10271,7.0
10272,8.0
10273,8.0
10274,8.0
10275,8.0
10276,6.0
10277,7.0
10278,6.0
10279,6.0
10280,6.0
10281,6.0
10282,7.0
10283,7.0
10284,8.0
10285,7.0
10286,8.0
10287,8.0
10288,6.0
10289,8.0
10290,9.0
10291,7.0
10292,7.0
10293,8.0
10294,6.0
10295,7.0
10296,7.0
10297,8.0
10298,7.0
10299,7.0
10300,7.0
10301,6.0
10302,7.0
10303,8.0
10304,7.0
10305,7.0
10306,7.0
10307,7.0
10308,6.0
10309,7.0
10310,8.0
10311,8.0
10312,6.0
10313,7.0
10314,7.0
10315,7.0
10316,7.0
10317,8.0
10318,6.0
10319,6.0
10320,6.0
10321,6.0
10322,7.0
10323,7.0
10324,7.0
10325,7.0
10326,6.0
10327,6.0
10328,8.0
10329,7.0
10330,7.0
10331,7.0
10332,6.0
10333,7.0
10334,6.0
10335,8.0
10336,7.0
10337,7.0
10338,9.0
10339,8.0
10340,7.0
10341,7.0
10342,6.0
10343,6.0
10344,7.0
10345,7.0
10346,7.0
10347,7.0
10348,6.0
10349,7.0
10350,8.0
10351,7.0
10352,7.0
10353,7.0
10354,6.0
10355,8.0
10356,7.0
10357,6.0
10358,7.0
10359,8.0
10360,6.0
10361,6.0
10362,7.0
10363,7.0
10364,7.0
10365,7.0
10366,7.0
10367,8.0
10368,8.0
10369,7.0
10370,8.0
10371,6.0
10372,6.0
10373,8.0
10374,7.0
10375,7.0
10376,7.0
10377,7.0
10378,7.0
10379,6.0
10380,8.0
10381,7.0
10382,8.0
10383,7.0
10384,7.0
10385,8.0
10386,6.0
10387,7.0
10388,8.0
10389,8.0
10390,6.0
10391,7.0
10392,8.0
10393,7.0
10394,7.0
10395,6.0
10396,7.0
10397,7.0
10398,7.0
10399,7.0
10400,7.0
10401,7.0
10402,6.0
10403,8.0
10404,8.0
10405,7.0
10406,8.0
10407,8.0
10408,8.0
10409,7.0
10410,7.0
10411,8.0
10412,7.0
10413,7.0
10414,7.0
10415,7.0
10416,6.0
10417,8.0
10418,6.0
10419,7.0
10420,6.0
10421,9.0
10422,7.0
10423,8.0
10424,7.0
10425,7.0
10426,9.0
10427,7.0
10428,7.0
10429,7.0
10430,7.0
10431,7.0
10432,7.0
10433,7.0
10434,7.0
10435,8.0
10436,6.0
10437,7.0
10438,7.0
10439,7.0
10440,8.0
10441,7.0
10442,7.0
10443,7.0
10444,6.0
10445,7.0
10446,7.0
10447,8.0
10448,7.0
10449,7.0
10450,8.0
10451,7.0
10452,8.0
10453,8.0
10454,7.0
10455,6.0
10456,8.0
10457,8.0
10458,7.0
10459,6.0
10460,7.0
10461,7.0
10462,8.0
10463,8.0
10464,7.0
10465,7.0
10466,8.0
10467,7.0
10468,8.0
10469,7.0
10470,8.0
10471,7.0
10472,7.0
10473,7.0
10474,7.0
10475,8.0
10476,7.0
10477,8.0
10478,8.0
10479,7.0
10480,6.0
10481,6.0
10482,6.0
10483,7.0
10484,7.0
10485,7.0
10486,7.0
10487,8.0
10488,7.0
10489,7.0
10490,8.0
10491,6.0
10492,8.0
10493,7.0
10494,6.0
10495,9.0
10496,6.0
10497,8.0
10498,7.0
10499,7.0
10500,8.0
10501,6.0
10502,7.0
10503,7.0
10504,7.0
10505,6.0
10506,8.0
10507,7.0
10508,7.0
10509,7.0
10510,8.0
10511,7.0
10512,7.0
10513,8.0
10514,6.0
10515,6.0
10516,9.0
10517,7.0
10518,8.0
10519,7.0
10520,7.0
10521,7.0
10522,7.0
10523,8.0
10524,8.0
10525,7.0
10526,7.0
10527,9.0
10528,8.0
10529,7.0
10530,7.0
10531,7.0
10532,7.0
10533,7.0
10534,7.0
10535,8.0
10536,8.0
10537,7.0
10538,7.0
10539,8.0
10540,8.0
10541,8.0
10542,9.0
10543,6.0
10544,7.0
10545,6.0
10546,7.0
10547,8.0
10548,7.0
10549,8.0
10550,7.0
10551,7.0
10552,6.0
10553,7.0
10554,7.0
10555,6.0
10556,7.0
10557,7.0
10558,7.0
10559,7.0
10560,6.0
10561,6.0
10562,8.0
10563,9.0
10564,6.0
10565,6.0
10566,7.0
10567,8.0
10568,8.0
10569,7.0
10570,7.0
10571,7.0
10572,8.0
10573,5.0
10574,6.0
10575,8.0
10576,7.0
10577,7.0
10578,7.0
10579,7.0
10580,8.0
10581,8.0
10582,7.0
10583,8.0
10584,6.0
